Plan,Planning,Planning Time,Triggers,JIT,Execution Time,sample
"{'Node Type': 'Aggregate', 'Strategy': 'Plain', 'Partial Mode': 'Finalize', 'Parallel Aware': False, 'Async Capable': False, 'Startup Cost': 533507.46, 'Total Cost': 533507.47, 'Plan Rows': 1, 'Plan Width': 8, 'Actual Startup Time': 9113.835, 'Actual Total Time': 9138.883, 'Actual Rows': 1, 'Actual Loops': 1, 'Shared Hit Blocks': 0, 'Shared Read Blocks': 393883, 'Shared Dirtied Blocks': 0, 'Shared Written Blocks': 0, 'Local Hit Blocks': 0, 'Local Read Blocks': 0, 'Local Dirtied Blocks': 0, 'Local Written Blocks': 0, 'Temp Read Blocks': 0, 'Temp Written Blocks': 0, 'Plans': [{'Node Type': 'Gather', 'Parent Relationship': 'Outer', 'Parallel Aware': False, 'Async Capable': False, 'Startup Cost': 533506.83, 'Total Cost': 533507.44, 'Plan Rows': 6, 'Plan Width': 8, 'Actual Startup Time': 9107.328, 'Actual Total Time': 9138.838, 'Actual Rows': 7, 'Actual Loops': 1, 'Workers Planned': 6, 'Workers Launched': 6, 'Single Copy': False, 'Shared Hit Blocks': 0, 'Shared Read Blocks': 393883, 'Shared Dirtied Blocks': 0, 'Shared Written Blocks': 0, 'Local Hit Blocks': 0, 'Local Read Blocks': 0, 'Local Dirtied Blocks': 0, 'Local Written Blocks': 0, 'Temp Read Blocks': 0, 'Temp Written Blocks': 0, 'Plans': [{'Node Type': 'Aggregate', 'Strategy': 'Plain', 'Partial Mode': 'Partial', 'Parent Relationship': 'Outer', 'Parallel Aware': False, 'Async Capable': False, 'Startup Cost': 532506.83, 'Total Cost': 532506.84, 'Plan Rows': 1, 'Plan Width': 8, 'Actual Startup Time': 8730.571, 'Actual Total Time': 8730.573, 'Actual Rows': 1, 'Actual Loops': 7, 'Shared Hit Blocks': 0, 'Shared Read Blocks': 393883, 'Shared Dirtied Blocks': 0, 'Shared Written Blocks': 0, 'Local Hit Blocks': 0, 'Local Read Blocks': 0, 'Local Dirtied Blocks': 0, 'Local Written Blocks': 0, 'Temp Read Blocks': 0, 'Temp Written Blocks': 0, 'Workers': [], 'Plans': [{'Node Type': 'Seq Scan', 'Parent Relationship': 'Outer', 'Parallel Aware': True, 'Async Capable': False, 'Relation Name': 'timeseries', 'Alias': 'timeseries', 'Startup Cost': 0.0, 'Total Cost': 527803.22, 'Plan Rows': 1881446, 'Plan Width': 0, 'Actual Startup Time': 1090.822, 'Actual Total Time': 7754.634, 'Actual Rows': 1572576, 'Actual Loops': 7, 'Filter': ""(status AND (datetime >= '2020-02-01 00:00:00'::timestamp without time zone) AND (datetime <= '2020-02-13 23:59:59'::timestamp without time zone))"", 'Rows Removed by Filter': 6079996, 'Shared Hit Blocks': 0, 'Shared Read Blocks': 393883, 'Shared Dirtied Blocks': 0, 'Shared Written Blocks': 0, 'Local Hit Blocks': 0, 'Local Read Blocks': 0, 'Local Dirtied Blocks': 0, 'Local Written Blocks': 0, 'Temp Read Blocks': 0, 'Temp Written Blocks': 0, 'Workers': []}]}]}]}","{'Shared Hit Blocks': 49, 'Shared Read Blocks': 22, 'Shared Dirtied Blocks': 0, 'Shared Written Blocks': 0, 'Local Hit Blocks': 0, 'Local Read Blocks': 0, 'Local Dirtied Blocks': 0, 'Local Written Blocks': 0, 'Temp Read Blocks': 0, 'Temp Written Blocks': 0}",3.201,[],"{'Functions': 30, 'Options': {'Inlining': True, 'Optimization': True, 'Expressions': True, 'Deforming': True}, 'Timing': {'Generation': 45.204, 'Inlining': 3911.591, 'Optimization': 1915.858, 'Emission': 1149.041, 'Total': 7021.694}}",9256.996,1
"{'Node Type': 'Aggregate', 'Strategy': 'Plain', 'Partial Mode': 'Finalize', 'Parallel Aware': False, 'Async Capable': False, 'Startup Cost': 533507.46, 'Total Cost': 533507.47, 'Plan Rows': 1, 'Plan Width': 8, 'Actual Startup Time': 9255.691, 'Actual Total Time': 9284.634, 'Actual Rows': 1, 'Actual Loops': 1, 'Shared Hit Blocks': 224, 'Shared Read Blocks': 393659, 'Shared Dirtied Blocks': 0, 'Shared Written Blocks': 0, 'Local Hit Blocks': 0, 'Local Read Blocks': 0, 'Local Dirtied Blocks': 0, 'Local Written Blocks': 0, 'Temp Read Blocks': 0, 'Temp Written Blocks': 0, 'Plans': [{'Node Type': 'Gather', 'Parent Relationship': 'Outer', 'Parallel Aware': False, 'Async Capable': False, 'Startup Cost': 533506.83, 'Total Cost': 533507.44, 'Plan Rows': 6, 'Plan Width': 8, 'Actual Startup Time': 9247.68, 'Actual Total Time': 9284.581, 'Actual Rows': 7, 'Actual Loops': 1, 'Workers Planned': 6, 'Workers Launched': 6, 'Single Copy': False, 'Shared Hit Blocks': 224, 'Shared Read Blocks': 393659, 'Shared Dirtied Blocks': 0, 'Shared Written Blocks': 0, 'Local Hit Blocks': 0, 'Local Read Blocks': 0, 'Local Dirtied Blocks': 0, 'Local Written Blocks': 0, 'Temp Read Blocks': 0, 'Temp Written Blocks': 0, 'Plans': [{'Node Type': 'Aggregate', 'Strategy': 'Plain', 'Partial Mode': 'Partial', 'Parent Relationship': 'Outer', 'Parallel Aware': False, 'Async Capable': False, 'Startup Cost': 532506.83, 'Total Cost': 532506.84, 'Plan Rows': 1, 'Plan Width': 8, 'Actual Startup Time': 8881.692, 'Actual Total Time': 8881.694, 'Actual Rows': 1, 'Actual Loops': 7, 'Shared Hit Blocks': 224, 'Shared Read Blocks': 393659, 'Shared Dirtied Blocks': 0, 'Shared Written Blocks': 0, 'Local Hit Blocks': 0, 'Local Read Blocks': 0, 'Local Dirtied Blocks': 0, 'Local Written Blocks': 0, 'Temp Read Blocks': 0, 'Temp Written Blocks': 0, 'Workers': [], 'Plans': [{'Node Type': 'Seq Scan', 'Parent Relationship': 'Outer', 'Parallel Aware': True, 'Async Capable': False, 'Relation Name': 'timeseries', 'Alias': 'timeseries', 'Startup Cost': 0.0, 'Total Cost': 527803.22, 'Plan Rows': 1881446, 'Plan Width': 0, 'Actual Startup Time': 1189.873, 'Actual Total Time': 7912.358, 'Actual Rows': 1572576, 'Actual Loops': 7, 'Filter': ""(status AND (datetime >= '2020-02-01 00:00:00'::timestamp without time zone) AND (datetime <= '2020-02-13 23:59:59'::timestamp without time zone))"", 'Rows Removed by Filter': 6079996, 'Shared Hit Blocks': 224, 'Shared Read Blocks': 393659, 'Shared Dirtied Blocks': 0, 'Shared Written Blocks': 0, 'Local Hit Blocks': 0, 'Local Read Blocks': 0, 'Local Dirtied Blocks': 0, 'Local Written Blocks': 0, 'Temp Read Blocks': 0, 'Temp Written Blocks': 0, 'Workers': []}]}]}]}","{'Shared Hit Blocks': 71, 'Shared Read Blocks': 0, 'Shared Dirtied Blocks': 0, 'Shared Written Blocks': 0, 'Local Hit Blocks': 0, 'Local Read Blocks': 0, 'Local Dirtied Blocks': 0, 'Local Written Blocks': 0, 'Temp Read Blocks': 0, 'Temp Written Blocks': 0}",1.018,[],"{'Functions': 30, 'Options': {'Inlining': True, 'Optimization': True, 'Expressions': True, 'Deforming': True}, 'Timing': {'Generation': 49.339, 'Inlining': 3915.073, 'Optimization': 1883.094, 'Emission': 1161.915, 'Total': 7009.422}}",9388.277,2
"{'Node Type': 'Aggregate', 'Strategy': 'Plain', 'Partial Mode': 'Finalize', 'Parallel Aware': False, 'Async Capable': False, 'Startup Cost': 533507.46, 'Total Cost': 533507.47, 'Plan Rows': 1, 'Plan Width': 8, 'Actual Startup Time': 9231.521, 'Actual Total Time': 9259.554, 'Actual Rows': 1, 'Actual Loops': 1, 'Shared Hit Blocks': 448, 'Shared Read Blocks': 393435, 'Shared Dirtied Blocks': 0, 'Shared Written Blocks': 0, 'Local Hit Blocks': 0, 'Local Read Blocks': 0, 'Local Dirtied Blocks': 0, 'Local Written Blocks': 0, 'Temp Read Blocks': 0, 'Temp Written Blocks': 0, 'Plans': [{'Node Type': 'Gather', 'Parent Relationship': 'Outer', 'Parallel Aware': False, 'Async Capable': False, 'Startup Cost': 533506.83, 'Total Cost': 533507.44, 'Plan Rows': 6, 'Plan Width': 8, 'Actual Startup Time': 9223.692, 'Actual Total Time': 9259.507, 'Actual Rows': 7, 'Actual Loops': 1, 'Workers Planned': 6, 'Workers Launched': 6, 'Single Copy': False, 'Shared Hit Blocks': 448, 'Shared Read Blocks': 393435, 'Shared Dirtied Blocks': 0, 'Shared Written Blocks': 0, 'Local Hit Blocks': 0, 'Local Read Blocks': 0, 'Local Dirtied Blocks': 0, 'Local Written Blocks': 0, 'Temp Read Blocks': 0, 'Temp Written Blocks': 0, 'Plans': [{'Node Type': 'Aggregate', 'Strategy': 'Plain', 'Partial Mode': 'Partial', 'Parent Relationship': 'Outer', 'Parallel Aware': False, 'Async Capable': False, 'Startup Cost': 532506.83, 'Total Cost': 532506.84, 'Plan Rows': 1, 'Plan Width': 8, 'Actual Startup Time': 8860.407, 'Actual Total Time': 8860.409, 'Actual Rows': 1, 'Actual Loops': 7, 'Shared Hit Blocks': 448, 'Shared Read Blocks': 393435, 'Shared Dirtied Blocks': 0, 'Shared Written Blocks': 0, 'Local Hit Blocks': 0, 'Local Read Blocks': 0, 'Local Dirtied Blocks': 0, 'Local Written Blocks': 0, 'Temp Read Blocks': 0, 'Temp Written Blocks': 0, 'Workers': [], 'Plans': [{'Node Type': 'Seq Scan', 'Parent Relationship': 'Outer', 'Parallel Aware': True, 'Async Capable': False, 'Relation Name': 'timeseries', 'Alias': 'timeseries', 'Startup Cost': 0.0, 'Total Cost': 527803.22, 'Plan Rows': 1881446, 'Plan Width': 0, 'Actual Startup Time': 1103.485, 'Actual Total Time': 7895.566, 'Actual Rows': 1572576, 'Actual Loops': 7, 'Filter': ""(status AND (datetime >= '2020-02-01 00:00:00'::timestamp without time zone) AND (datetime <= '2020-02-13 23:59:59'::timestamp without time zone))"", 'Rows Removed by Filter': 6079996, 'Shared Hit Blocks': 448, 'Shared Read Blocks': 393435, 'Shared Dirtied Blocks': 0, 'Shared Written Blocks': 0, 'Local Hit Blocks': 0, 'Local Read Blocks': 0, 'Local Dirtied Blocks': 0, 'Local Written Blocks': 0, 'Temp Read Blocks': 0, 'Temp Written Blocks': 0, 'Workers': []}]}]}]}","{'Shared Hit Blocks': 71, 'Shared Read Blocks': 0, 'Shared Dirtied Blocks': 0, 'Shared Written Blocks': 0, 'Local Hit Blocks': 0, 'Local Read Blocks': 0, 'Local Dirtied Blocks': 0, 'Local Written Blocks': 0, 'Temp Read Blocks': 0, 'Temp Written Blocks': 0}",4.158,[],"{'Functions': 30, 'Options': {'Inlining': True, 'Optimization': True, 'Expressions': True, 'Deforming': True}, 'Timing': {'Generation': 12.965, 'Inlining': 3927.182, 'Optimization': 1871.862, 'Emission': 1177.272, 'Total': 6989.282}}",9424.379,3
"{'Node Type': 'Aggregate', 'Strategy': 'Plain', 'Partial Mode': 'Finalize', 'Parallel Aware': False, 'Async Capable': False, 'Startup Cost': 533507.46, 'Total Cost': 533507.47, 'Plan Rows': 1, 'Plan Width': 8, 'Actual Startup Time': 9123.709, 'Actual Total Time': 9151.678, 'Actual Rows': 1, 'Actual Loops': 1, 'Shared Hit Blocks': 672, 'Shared Read Blocks': 393211, 'Shared Dirtied Blocks': 0, 'Shared Written Blocks': 0, 'Local Hit Blocks': 0, 'Local Read Blocks': 0, 'Local Dirtied Blocks': 0, 'Local Written Blocks': 0, 'Temp Read Blocks': 0, 'Temp Written Blocks': 0, 'Plans': [{'Node Type': 'Gather', 'Parent Relationship': 'Outer', 'Parallel Aware': False, 'Async Capable': False, 'Startup Cost': 533506.83, 'Total Cost': 533507.44, 'Plan Rows': 6, 'Plan Width': 8, 'Actual Startup Time': 9109.602, 'Actual Total Time': 9151.623, 'Actual Rows': 7, 'Actual Loops': 1, 'Workers Planned': 6, 'Workers Launched': 6, 'Single Copy': False, 'Shared Hit Blocks': 672, 'Shared Read Blocks': 393211, 'Shared Dirtied Blocks': 0, 'Shared Written Blocks': 0, 'Local Hit Blocks': 0, 'Local Read Blocks': 0, 'Local Dirtied Blocks': 0, 'Local Written Blocks': 0, 'Temp Read Blocks': 0, 'Temp Written Blocks': 0, 'Plans': [{'Node Type': 'Aggregate', 'Strategy': 'Plain', 'Partial Mode': 'Partial', 'Parent Relationship': 'Outer', 'Parallel Aware': False, 'Async Capable': False, 'Startup Cost': 532506.83, 'Total Cost': 532506.84, 'Plan Rows': 1, 'Plan Width': 8, 'Actual Startup Time': 8754.358, 'Actual Total Time': 8754.361, 'Actual Rows': 1, 'Actual Loops': 7, 'Shared Hit Blocks': 672, 'Shared Read Blocks': 393211, 'Shared Dirtied Blocks': 0, 'Shared Written Blocks': 0, 'Local Hit Blocks': 0, 'Local Read Blocks': 0, 'Local Dirtied Blocks': 0, 'Local Written Blocks': 0, 'Temp Read Blocks': 0, 'Temp Written Blocks': 0, 'Workers': [], 'Plans': [{'Node Type': 'Seq Scan', 'Parent Relationship': 'Outer', 'Parallel Aware': True, 'Async Capable': False, 'Relation Name': 'timeseries', 'Alias': 'timeseries', 'Startup Cost': 0.0, 'Total Cost': 527803.22, 'Plan Rows': 1881446, 'Plan Width': 0, 'Actual Startup Time': 1112.997, 'Actual Total Time': 7806.64, 'Actual Rows': 1572576, 'Actual Loops': 7, 'Filter': ""(status AND (datetime >= '2020-02-01 00:00:00'::timestamp without time zone) AND (datetime <= '2020-02-13 23:59:59'::timestamp without time zone))"", 'Rows Removed by Filter': 6079996, 'Shared Hit Blocks': 672, 'Shared Read Blocks': 393211, 'Shared Dirtied Blocks': 0, 'Shared Written Blocks': 0, 'Local Hit Blocks': 0, 'Local Read Blocks': 0, 'Local Dirtied Blocks': 0, 'Local Written Blocks': 0, 'Temp Read Blocks': 0, 'Temp Written Blocks': 0, 'Workers': []}]}]}]}","{'Shared Hit Blocks': 71, 'Shared Read Blocks': 0, 'Shared Dirtied Blocks': 0, 'Shared Written Blocks': 0, 'Local Hit Blocks': 0, 'Local Read Blocks': 0, 'Local Dirtied Blocks': 0, 'Local Written Blocks': 0, 'Temp Read Blocks': 0, 'Temp Written Blocks': 0}",0.99,[],"{'Functions': 30, 'Options': {'Inlining': True, 'Optimization': True, 'Expressions': True, 'Deforming': True}, 'Timing': {'Generation': 25.249, 'Inlining': 3989.971, 'Optimization': 1870.34, 'Emission': 1129.77, 'Total': 7015.33}}",9256.625,4
"{'Node Type': 'Aggregate', 'Strategy': 'Plain', 'Partial Mode': 'Finalize', 'Parallel Aware': False, 'Async Capable': False, 'Startup Cost': 533507.46, 'Total Cost': 533507.47, 'Plan Rows': 1, 'Plan Width': 8, 'Actual Startup Time': 9196.885, 'Actual Total Time': 9224.995, 'Actual Rows': 1, 'Actual Loops': 1, 'Shared Hit Blocks': 896, 'Shared Read Blocks': 392987, 'Shared Dirtied Blocks': 0, 'Shared Written Blocks': 0, 'Local Hit Blocks': 0, 'Local Read Blocks': 0, 'Local Dirtied Blocks': 0, 'Local Written Blocks': 0, 'Temp Read Blocks': 0, 'Temp Written Blocks': 0, 'Plans': [{'Node Type': 'Gather', 'Parent Relationship': 'Outer', 'Parallel Aware': False, 'Async Capable': False, 'Startup Cost': 533506.83, 'Total Cost': 533507.44, 'Plan Rows': 6, 'Plan Width': 8, 'Actual Startup Time': 9187.618, 'Actual Total Time': 9224.943, 'Actual Rows': 7, 'Actual Loops': 1, 'Workers Planned': 6, 'Workers Launched': 6, 'Single Copy': False, 'Shared Hit Blocks': 896, 'Shared Read Blocks': 392987, 'Shared Dirtied Blocks': 0, 'Shared Written Blocks': 0, 'Local Hit Blocks': 0, 'Local Read Blocks': 0, 'Local Dirtied Blocks': 0, 'Local Written Blocks': 0, 'Temp Read Blocks': 0, 'Temp Written Blocks': 0, 'Plans': [{'Node Type': 'Aggregate', 'Strategy': 'Plain', 'Partial Mode': 'Partial', 'Parent Relationship': 'Outer', 'Parallel Aware': False, 'Async Capable': False, 'Startup Cost': 532506.83, 'Total Cost': 532506.84, 'Plan Rows': 1, 'Plan Width': 8, 'Actual Startup Time': 8825.618, 'Actual Total Time': 8825.621, 'Actual Rows': 1, 'Actual Loops': 7, 'Shared Hit Blocks': 896, 'Shared Read Blocks': 392987, 'Shared Dirtied Blocks': 0, 'Shared Written Blocks': 0, 'Local Hit Blocks': 0, 'Local Read Blocks': 0, 'Local Dirtied Blocks': 0, 'Local Written Blocks': 0, 'Temp Read Blocks': 0, 'Temp Written Blocks': 0, 'Workers': [], 'Plans': [{'Node Type': 'Seq Scan', 'Parent Relationship': 'Outer', 'Parallel Aware': True, 'Async Capable': False, 'Relation Name': 'timeseries', 'Alias': 'timeseries', 'Startup Cost': 0.0, 'Total Cost': 527803.22, 'Plan Rows': 1881446, 'Plan Width': 0, 'Actual Startup Time': 1113.333, 'Actual Total Time': 7884.715, 'Actual Rows': 1572576, 'Actual Loops': 7, 'Filter': ""(status AND (datetime >= '2020-02-01 00:00:00'::timestamp without time zone) AND (datetime <= '2020-02-13 23:59:59'::timestamp without time zone))"", 'Rows Removed by Filter': 6079996, 'Shared Hit Blocks': 896, 'Shared Read Blocks': 392987, 'Shared Dirtied Blocks': 0, 'Shared Written Blocks': 0, 'Local Hit Blocks': 0, 'Local Read Blocks': 0, 'Local Dirtied Blocks': 0, 'Local Written Blocks': 0, 'Temp Read Blocks': 0, 'Temp Written Blocks': 0, 'Workers': []}]}]}]}","{'Shared Hit Blocks': 71, 'Shared Read Blocks': 0, 'Shared Dirtied Blocks': 0, 'Shared Written Blocks': 0, 'Local Hit Blocks': 0, 'Local Read Blocks': 0, 'Local Dirtied Blocks': 0, 'Local Written Blocks': 0, 'Temp Read Blocks': 0, 'Temp Written Blocks': 0}",4.025,[],"{'Functions': 30, 'Options': {'Inlining': True, 'Optimization': True, 'Expressions': True, 'Deforming': True}, 'Timing': {'Generation': 37.263, 'Inlining': 3987.438, 'Optimization': 1819.65, 'Emission': 1161.183, 'Total': 7005.533}}",9389.213,5
"{'Node Type': 'Aggregate', 'Strategy': 'Plain', 'Partial Mode': 'Finalize', 'Parallel Aware': False, 'Async Capable': False, 'Startup Cost': 533507.46, 'Total Cost': 533507.47, 'Plan Rows': 1, 'Plan Width': 8, 'Actual Startup Time': 9396.842, 'Actual Total Time': 9421.865, 'Actual Rows': 1, 'Actual Loops': 1, 'Shared Hit Blocks': 1120, 'Shared Read Blocks': 392763, 'Shared Dirtied Blocks': 0, 'Shared Written Blocks': 0, 'Local Hit Blocks': 0, 'Local Read Blocks': 0, 'Local Dirtied Blocks': 0, 'Local Written Blocks': 0, 'Temp Read Blocks': 0, 'Temp Written Blocks': 0, 'Plans': [{'Node Type': 'Gather', 'Parent Relationship': 'Outer', 'Parallel Aware': False, 'Async Capable': False, 'Startup Cost': 533506.83, 'Total Cost': 533507.44, 'Plan Rows': 6, 'Plan Width': 8, 'Actual Startup Time': 9379.858, 'Actual Total Time': 9421.81, 'Actual Rows': 7, 'Actual Loops': 1, 'Workers Planned': 6, 'Workers Launched': 6, 'Single Copy': False, 'Shared Hit Blocks': 1120, 'Shared Read Blocks': 392763, 'Shared Dirtied Blocks': 0, 'Shared Written Blocks': 0, 'Local Hit Blocks': 0, 'Local Read Blocks': 0, 'Local Dirtied Blocks': 0, 'Local Written Blocks': 0, 'Temp Read Blocks': 0, 'Temp Written Blocks': 0, 'Plans': [{'Node Type': 'Aggregate', 'Strategy': 'Plain', 'Partial Mode': 'Partial', 'Parent Relationship': 'Outer', 'Parallel Aware': False, 'Async Capable': False, 'Startup Cost': 532506.83, 'Total Cost': 532506.84, 'Plan Rows': 1, 'Plan Width': 8, 'Actual Startup Time': 9017.987, 'Actual Total Time': 9017.989, 'Actual Rows': 1, 'Actual Loops': 7, 'Shared Hit Blocks': 1120, 'Shared Read Blocks': 392763, 'Shared Dirtied Blocks': 0, 'Shared Written Blocks': 0, 'Local Hit Blocks': 0, 'Local Read Blocks': 0, 'Local Dirtied Blocks': 0, 'Local Written Blocks': 0, 'Temp Read Blocks': 0, 'Temp Written Blocks': 0, 'Workers': [], 'Plans': [{'Node Type': 'Seq Scan', 'Parent Relationship': 'Outer', 'Parallel Aware': True, 'Async Capable': False, 'Relation Name': 'timeseries', 'Alias': 'timeseries', 'Startup Cost': 0.0, 'Total Cost': 527803.22, 'Plan Rows': 1881446, 'Plan Width': 0, 'Actual Startup Time': 1093.681, 'Actual Total Time': 8029.062, 'Actual Rows': 1572576, 'Actual Loops': 7, 'Filter': ""(status AND (datetime >= '2020-02-01 00:00:00'::timestamp without time zone) AND (datetime <= '2020-02-13 23:59:59'::timestamp without time zone))"", 'Rows Removed by Filter': 6079996, 'Shared Hit Blocks': 1120, 'Shared Read Blocks': 392763, 'Shared Dirtied Blocks': 0, 'Shared Written Blocks': 0, 'Local Hit Blocks': 0, 'Local Read Blocks': 0, 'Local Dirtied Blocks': 0, 'Local Written Blocks': 0, 'Temp Read Blocks': 0, 'Temp Written Blocks': 0, 'Workers': []}]}]}]}","{'Shared Hit Blocks': 71, 'Shared Read Blocks': 0, 'Shared Dirtied Blocks': 0, 'Shared Written Blocks': 0, 'Local Hit Blocks': 0, 'Local Read Blocks': 0, 'Local Dirtied Blocks': 0, 'Local Written Blocks': 0, 'Temp Read Blocks': 0, 'Temp Written Blocks': 0}",1.375,[],"{'Functions': 30, 'Options': {'Inlining': True, 'Optimization': True, 'Expressions': True, 'Deforming': True}, 'Timing': {'Generation': 49.164, 'Inlining': 3924.514, 'Optimization': 1865.812, 'Emission': 1150.204, 'Total': 6989.694}}",9527.243,6
"{'Node Type': 'Aggregate', 'Strategy': 'Plain', 'Partial Mode': 'Finalize', 'Parallel Aware': False, 'Async Capable': False, 'Startup Cost': 533507.46, 'Total Cost': 533507.47, 'Plan Rows': 1, 'Plan Width': 8, 'Actual Startup Time': 9187.162, 'Actual Total Time': 9217.758, 'Actual Rows': 1, 'Actual Loops': 1, 'Shared Hit Blocks': 1344, 'Shared Read Blocks': 392539, 'Shared Dirtied Blocks': 0, 'Shared Written Blocks': 0, 'Local Hit Blocks': 0, 'Local Read Blocks': 0, 'Local Dirtied Blocks': 0, 'Local Written Blocks': 0, 'Temp Read Blocks': 0, 'Temp Written Blocks': 0, 'Plans': [{'Node Type': 'Gather', 'Parent Relationship': 'Outer', 'Parallel Aware': False, 'Async Capable': False, 'Startup Cost': 533506.83, 'Total Cost': 533507.44, 'Plan Rows': 6, 'Plan Width': 8, 'Actual Startup Time': 9176.874, 'Actual Total Time': 9217.704, 'Actual Rows': 7, 'Actual Loops': 1, 'Workers Planned': 6, 'Workers Launched': 6, 'Single Copy': False, 'Shared Hit Blocks': 1344, 'Shared Read Blocks': 392539, 'Shared Dirtied Blocks': 0, 'Shared Written Blocks': 0, 'Local Hit Blocks': 0, 'Local Read Blocks': 0, 'Local Dirtied Blocks': 0, 'Local Written Blocks': 0, 'Temp Read Blocks': 0, 'Temp Written Blocks': 0, 'Plans': [{'Node Type': 'Aggregate', 'Strategy': 'Plain', 'Partial Mode': 'Partial', 'Parent Relationship': 'Outer', 'Parallel Aware': False, 'Async Capable': False, 'Startup Cost': 532506.83, 'Total Cost': 532506.84, 'Plan Rows': 1, 'Plan Width': 8, 'Actual Startup Time': 8813.524, 'Actual Total Time': 8813.526, 'Actual Rows': 1, 'Actual Loops': 7, 'Shared Hit Blocks': 1344, 'Shared Read Blocks': 392539, 'Shared Dirtied Blocks': 0, 'Shared Written Blocks': 0, 'Local Hit Blocks': 0, 'Local Read Blocks': 0, 'Local Dirtied Blocks': 0, 'Local Written Blocks': 0, 'Temp Read Blocks': 0, 'Temp Written Blocks': 0, 'Workers': [], 'Plans': [{'Node Type': 'Seq Scan', 'Parent Relationship': 'Outer', 'Parallel Aware': True, 'Async Capable': False, 'Relation Name': 'timeseries', 'Alias': 'timeseries', 'Startup Cost': 0.0, 'Total Cost': 527803.22, 'Plan Rows': 1881446, 'Plan Width': 0, 'Actual Startup Time': 1067.199, 'Actual Total Time': 7845.647, 'Actual Rows': 1572576, 'Actual Loops': 7, 'Filter': ""(status AND (datetime >= '2020-02-01 00:00:00'::timestamp without time zone) AND (datetime <= '2020-02-13 23:59:59'::timestamp without time zone))"", 'Rows Removed by Filter': 6079996, 'Shared Hit Blocks': 1344, 'Shared Read Blocks': 392539, 'Shared Dirtied Blocks': 0, 'Shared Written Blocks': 0, 'Local Hit Blocks': 0, 'Local Read Blocks': 0, 'Local Dirtied Blocks': 0, 'Local Written Blocks': 0, 'Temp Read Blocks': 0, 'Temp Written Blocks': 0, 'Workers': []}]}]}]}","{'Shared Hit Blocks': 71, 'Shared Read Blocks': 0, 'Shared Dirtied Blocks': 0, 'Shared Written Blocks': 0, 'Local Hit Blocks': 0, 'Local Read Blocks': 0, 'Local Dirtied Blocks': 0, 'Local Written Blocks': 0, 'Temp Read Blocks': 0, 'Temp Written Blocks': 0}",4.082,[],"{'Functions': 30, 'Options': {'Inlining': True, 'Optimization': True, 'Expressions': True, 'Deforming': True}, 'Timing': {'Generation': 33.229, 'Inlining': 3917.872, 'Optimization': 1821.128, 'Emission': 1184.02, 'Total': 6956.249}}",9486.484,7
"{'Node Type': 'Aggregate', 'Strategy': 'Plain', 'Partial Mode': 'Finalize', 'Parallel Aware': False, 'Async Capable': False, 'Startup Cost': 533507.46, 'Total Cost': 533507.47, 'Plan Rows': 1, 'Plan Width': 8, 'Actual Startup Time': 9187.658, 'Actual Total Time': 9212.19, 'Actual Rows': 1, 'Actual Loops': 1, 'Shared Hit Blocks': 1568, 'Shared Read Blocks': 392315, 'Shared Dirtied Blocks': 0, 'Shared Written Blocks': 0, 'Local Hit Blocks': 0, 'Local Read Blocks': 0, 'Local Dirtied Blocks': 0, 'Local Written Blocks': 0, 'Temp Read Blocks': 0, 'Temp Written Blocks': 0, 'Plans': [{'Node Type': 'Gather', 'Parent Relationship': 'Outer', 'Parallel Aware': False, 'Async Capable': False, 'Startup Cost': 533506.83, 'Total Cost': 533507.44, 'Plan Rows': 6, 'Plan Width': 8, 'Actual Startup Time': 9171.553, 'Actual Total Time': 9212.138, 'Actual Rows': 7, 'Actual Loops': 1, 'Workers Planned': 6, 'Workers Launched': 6, 'Single Copy': False, 'Shared Hit Blocks': 1568, 'Shared Read Blocks': 392315, 'Shared Dirtied Blocks': 0, 'Shared Written Blocks': 0, 'Local Hit Blocks': 0, 'Local Read Blocks': 0, 'Local Dirtied Blocks': 0, 'Local Written Blocks': 0, 'Temp Read Blocks': 0, 'Temp Written Blocks': 0, 'Plans': [{'Node Type': 'Aggregate', 'Strategy': 'Plain', 'Partial Mode': 'Partial', 'Parent Relationship': 'Outer', 'Parallel Aware': False, 'Async Capable': False, 'Startup Cost': 532506.83, 'Total Cost': 532506.84, 'Plan Rows': 1, 'Plan Width': 8, 'Actual Startup Time': 8807.45, 'Actual Total Time': 8807.453, 'Actual Rows': 1, 'Actual Loops': 7, 'Shared Hit Blocks': 1568, 'Shared Read Blocks': 392315, 'Shared Dirtied Blocks': 0, 'Shared Written Blocks': 0, 'Local Hit Blocks': 0, 'Local Read Blocks': 0, 'Local Dirtied Blocks': 0, 'Local Written Blocks': 0, 'Temp Read Blocks': 0, 'Temp Written Blocks': 0, 'Workers': [], 'Plans': [{'Node Type': 'Seq Scan', 'Parent Relationship': 'Outer', 'Parallel Aware': True, 'Async Capable': False, 'Relation Name': 'timeseries', 'Alias': 'timeseries', 'Startup Cost': 0.0, 'Total Cost': 527803.22, 'Plan Rows': 1881446, 'Plan Width': 0, 'Actual Startup Time': 1116.395, 'Actual Total Time': 7830.868, 'Actual Rows': 1572576, 'Actual Loops': 7, 'Filter': ""(status AND (datetime >= '2020-02-01 00:00:00'::timestamp without time zone) AND (datetime <= '2020-02-13 23:59:59'::timestamp without time zone))"", 'Rows Removed by Filter': 6079996, 'Shared Hit Blocks': 1568, 'Shared Read Blocks': 392315, 'Shared Dirtied Blocks': 0, 'Shared Written Blocks': 0, 'Local Hit Blocks': 0, 'Local Read Blocks': 0, 'Local Dirtied Blocks': 0, 'Local Written Blocks': 0, 'Temp Read Blocks': 0, 'Temp Written Blocks': 0, 'Workers': []}]}]}]}","{'Shared Hit Blocks': 71, 'Shared Read Blocks': 0, 'Shared Dirtied Blocks': 0, 'Shared Written Blocks': 0, 'Local Hit Blocks': 0, 'Local Read Blocks': 0, 'Local Dirtied Blocks': 0, 'Local Written Blocks': 0, 'Temp Read Blocks': 0, 'Temp Written Blocks': 0}",4.038,[],"{'Functions': 30, 'Options': {'Inlining': True, 'Optimization': True, 'Expressions': True, 'Deforming': True}, 'Timing': {'Generation': 53.491, 'Inlining': 3891.239, 'Optimization': 1889.666, 'Emission': 1143.006, 'Total': 6977.402}}",9376.424,8
"{'Node Type': 'Aggregate', 'Strategy': 'Plain', 'Partial Mode': 'Finalize', 'Parallel Aware': False, 'Async Capable': False, 'Startup Cost': 533507.46, 'Total Cost': 533507.47, 'Plan Rows': 1, 'Plan Width': 8, 'Actual Startup Time': 9115.812, 'Actual Total Time': 9141.415, 'Actual Rows': 1, 'Actual Loops': 1, 'Shared Hit Blocks': 1792, 'Shared Read Blocks': 392091, 'Shared Dirtied Blocks': 0, 'Shared Written Blocks': 0, 'Local Hit Blocks': 0, 'Local Read Blocks': 0, 'Local Dirtied Blocks': 0, 'Local Written Blocks': 0, 'Temp Read Blocks': 0, 'Temp Written Blocks': 0, 'Plans': [{'Node Type': 'Gather', 'Parent Relationship': 'Outer', 'Parallel Aware': False, 'Async Capable': False, 'Startup Cost': 533506.83, 'Total Cost': 533507.44, 'Plan Rows': 6, 'Plan Width': 8, 'Actual Startup Time': 9111.501, 'Actual Total Time': 9141.366, 'Actual Rows': 7, 'Actual Loops': 1, 'Workers Planned': 6, 'Workers Launched': 6, 'Single Copy': False, 'Shared Hit Blocks': 1792, 'Shared Read Blocks': 392091, 'Shared Dirtied Blocks': 0, 'Shared Written Blocks': 0, 'Local Hit Blocks': 0, 'Local Read Blocks': 0, 'Local Dirtied Blocks': 0, 'Local Written Blocks': 0, 'Temp Read Blocks': 0, 'Temp Written Blocks': 0, 'Plans': [{'Node Type': 'Aggregate', 'Strategy': 'Plain', 'Partial Mode': 'Partial', 'Parent Relationship': 'Outer', 'Parallel Aware': False, 'Async Capable': False, 'Startup Cost': 532506.83, 'Total Cost': 532506.84, 'Plan Rows': 1, 'Plan Width': 8, 'Actual Startup Time': 8739.617, 'Actual Total Time': 8739.619, 'Actual Rows': 1, 'Actual Loops': 7, 'Shared Hit Blocks': 1792, 'Shared Read Blocks': 392091, 'Shared Dirtied Blocks': 0, 'Shared Written Blocks': 0, 'Local Hit Blocks': 0, 'Local Read Blocks': 0, 'Local Dirtied Blocks': 0, 'Local Written Blocks': 0, 'Temp Read Blocks': 0, 'Temp Written Blocks': 0, 'Workers': [], 'Plans': [{'Node Type': 'Seq Scan', 'Parent Relationship': 'Outer', 'Parallel Aware': True, 'Async Capable': False, 'Relation Name': 'timeseries', 'Alias': 'timeseries', 'Startup Cost': 0.0, 'Total Cost': 527803.22, 'Plan Rows': 1881446, 'Plan Width': 0, 'Actual Startup Time': 1103.386, 'Actual Total Time': 7759.553, 'Actual Rows': 1572576, 'Actual Loops': 7, 'Filter': ""(status AND (datetime >= '2020-02-01 00:00:00'::timestamp without time zone) AND (datetime <= '2020-02-13 23:59:59'::timestamp without time zone))"", 'Rows Removed by Filter': 6079996, 'Shared Hit Blocks': 1792, 'Shared Read Blocks': 392091, 'Shared Dirtied Blocks': 0, 'Shared Written Blocks': 0, 'Local Hit Blocks': 0, 'Local Read Blocks': 0, 'Local Dirtied Blocks': 0, 'Local Written Blocks': 0, 'Temp Read Blocks': 0, 'Temp Written Blocks': 0, 'Workers': []}]}]}]}","{'Shared Hit Blocks': 71, 'Shared Read Blocks': 0, 'Shared Dirtied Blocks': 0, 'Shared Written Blocks': 0, 'Local Hit Blocks': 0, 'Local Read Blocks': 0, 'Local Dirtied Blocks': 0, 'Local Written Blocks': 0, 'Temp Read Blocks': 0, 'Temp Written Blocks': 0}",4.021,[],"{'Functions': 30, 'Options': {'Inlining': True, 'Optimization': True, 'Expressions': True, 'Deforming': True}, 'Timing': {'Generation': 53.297, 'Inlining': 3959.62, 'Optimization': 1880.494, 'Emission': 1135.589, 'Total': 7028.999}}",9305.831,9
"{'Node Type': 'Aggregate', 'Strategy': 'Plain', 'Partial Mode': 'Finalize', 'Parallel Aware': False, 'Async Capable': False, 'Startup Cost': 533507.46, 'Total Cost': 533507.47, 'Plan Rows': 1, 'Plan Width': 8, 'Actual Startup Time': 9107.436, 'Actual Total Time': 9133.944, 'Actual Rows': 1, 'Actual Loops': 1, 'Shared Hit Blocks': 2016, 'Shared Read Blocks': 391867, 'Shared Dirtied Blocks': 0, 'Shared Written Blocks': 0, 'Local Hit Blocks': 0, 'Local Read Blocks': 0, 'Local Dirtied Blocks': 0, 'Local Written Blocks': 0, 'Temp Read Blocks': 0, 'Temp Written Blocks': 0, 'Plans': [{'Node Type': 'Gather', 'Parent Relationship': 'Outer', 'Parallel Aware': False, 'Async Capable': False, 'Startup Cost': 533506.83, 'Total Cost': 533507.44, 'Plan Rows': 6, 'Plan Width': 8, 'Actual Startup Time': 9094.844, 'Actual Total Time': 9133.886, 'Actual Rows': 7, 'Actual Loops': 1, 'Workers Planned': 6, 'Workers Launched': 6, 'Single Copy': False, 'Shared Hit Blocks': 2016, 'Shared Read Blocks': 391867, 'Shared Dirtied Blocks': 0, 'Shared Written Blocks': 0, 'Local Hit Blocks': 0, 'Local Read Blocks': 0, 'Local Dirtied Blocks': 0, 'Local Written Blocks': 0, 'Temp Read Blocks': 0, 'Temp Written Blocks': 0, 'Plans': [{'Node Type': 'Aggregate', 'Strategy': 'Plain', 'Partial Mode': 'Partial', 'Parent Relationship': 'Outer', 'Parallel Aware': False, 'Async Capable': False, 'Startup Cost': 532506.83, 'Total Cost': 532506.84, 'Plan Rows': 1, 'Plan Width': 8, 'Actual Startup Time': 8730.87, 'Actual Total Time': 8730.873, 'Actual Rows': 1, 'Actual Loops': 7, 'Shared Hit Blocks': 2016, 'Shared Read Blocks': 391867, 'Shared Dirtied Blocks': 0, 'Shared Written Blocks': 0, 'Local Hit Blocks': 0, 'Local Read Blocks': 0, 'Local Dirtied Blocks': 0, 'Local Written Blocks': 0, 'Temp Read Blocks': 0, 'Temp Written Blocks': 0, 'Workers': [], 'Plans': [{'Node Type': 'Seq Scan', 'Parent Relationship': 'Outer', 'Parallel Aware': True, 'Async Capable': False, 'Relation Name': 'timeseries', 'Alias': 'timeseries', 'Startup Cost': 0.0, 'Total Cost': 527803.22, 'Plan Rows': 1881446, 'Plan Width': 0, 'Actual Startup Time': 1115.921, 'Actual Total Time': 7764.707, 'Actual Rows': 1572576, 'Actual Loops': 7, 'Filter': ""(status AND (datetime >= '2020-02-01 00:00:00'::timestamp without time zone) AND (datetime <= '2020-02-13 23:59:59'::timestamp without time zone))"", 'Rows Removed by Filter': 6079996, 'Shared Hit Blocks': 2016, 'Shared Read Blocks': 391867, 'Shared Dirtied Blocks': 0, 'Shared Written Blocks': 0, 'Local Hit Blocks': 0, 'Local Read Blocks': 0, 'Local Dirtied Blocks': 0, 'Local Written Blocks': 0, 'Temp Read Blocks': 0, 'Temp Written Blocks': 0, 'Workers': []}]}]}]}","{'Shared Hit Blocks': 71, 'Shared Read Blocks': 0, 'Shared Dirtied Blocks': 0, 'Shared Written Blocks': 0, 'Local Hit Blocks': 0, 'Local Read Blocks': 0, 'Local Dirtied Blocks': 0, 'Local Written Blocks': 0, 'Temp Read Blocks': 0, 'Temp Written Blocks': 0}",4.142,[],"{'Functions': 30, 'Options': {'Inlining': True, 'Optimization': True, 'Expressions': True, 'Deforming': True}, 'Timing': {'Generation': 37.379, 'Inlining': 3961.287, 'Optimization': 1888.412, 'Emission': 1149.336, 'Total': 7036.414}}",9401.224,10
"{'Node Type': 'Aggregate', 'Strategy': 'Plain', 'Partial Mode': 'Finalize', 'Parallel Aware': False, 'Async Capable': False, 'Startup Cost': 533507.46, 'Total Cost': 533507.47, 'Plan Rows': 1, 'Plan Width': 8, 'Actual Startup Time': 9238.179, 'Actual Total Time': 9267.051, 'Actual Rows': 1, 'Actual Loops': 1, 'Shared Hit Blocks': 2240, 'Shared Read Blocks': 391643, 'Shared Dirtied Blocks': 0, 'Shared Written Blocks': 0, 'Local Hit Blocks': 0, 'Local Read Blocks': 0, 'Local Dirtied Blocks': 0, 'Local Written Blocks': 0, 'Temp Read Blocks': 0, 'Temp Written Blocks': 0, 'Plans': [{'Node Type': 'Gather', 'Parent Relationship': 'Outer', 'Parallel Aware': False, 'Async Capable': False, 'Startup Cost': 533506.83, 'Total Cost': 533507.44, 'Plan Rows': 6, 'Plan Width': 8, 'Actual Startup Time': 9229.873, 'Actual Total Time': 9266.995, 'Actual Rows': 7, 'Actual Loops': 1, 'Workers Planned': 6, 'Workers Launched': 6, 'Single Copy': False, 'Shared Hit Blocks': 2240, 'Shared Read Blocks': 391643, 'Shared Dirtied Blocks': 0, 'Shared Written Blocks': 0, 'Local Hit Blocks': 0, 'Local Read Blocks': 0, 'Local Dirtied Blocks': 0, 'Local Written Blocks': 0, 'Temp Read Blocks': 0, 'Temp Written Blocks': 0, 'Plans': [{'Node Type': 'Aggregate', 'Strategy': 'Plain', 'Partial Mode': 'Partial', 'Parent Relationship': 'Outer', 'Parallel Aware': False, 'Async Capable': False, 'Startup Cost': 532506.83, 'Total Cost': 532506.84, 'Plan Rows': 1, 'Plan Width': 8, 'Actual Startup Time': 8865.105, 'Actual Total Time': 8865.107, 'Actual Rows': 1, 'Actual Loops': 7, 'Shared Hit Blocks': 2240, 'Shared Read Blocks': 391643, 'Shared Dirtied Blocks': 0, 'Shared Written Blocks': 0, 'Local Hit Blocks': 0, 'Local Read Blocks': 0, 'Local Dirtied Blocks': 0, 'Local Written Blocks': 0, 'Temp Read Blocks': 0, 'Temp Written Blocks': 0, 'Workers': [], 'Plans': [{'Node Type': 'Seq Scan', 'Parent Relationship': 'Outer', 'Parallel Aware': True, 'Async Capable': False, 'Relation Name': 'timeseries', 'Alias': 'timeseries', 'Startup Cost': 0.0, 'Total Cost': 527803.22, 'Plan Rows': 1881446, 'Plan Width': 0, 'Actual Startup Time': 1100.778, 'Actual Total Time': 7932.446, 'Actual Rows': 1572576, 'Actual Loops': 7, 'Filter': ""(status AND (datetime >= '2020-02-01 00:00:00'::timestamp without time zone) AND (datetime <= '2020-02-13 23:59:59'::timestamp without time zone))"", 'Rows Removed by Filter': 6079996, 'Shared Hit Blocks': 2240, 'Shared Read Blocks': 391643, 'Shared Dirtied Blocks': 0, 'Shared Written Blocks': 0, 'Local Hit Blocks': 0, 'Local Read Blocks': 0, 'Local Dirtied Blocks': 0, 'Local Written Blocks': 0, 'Temp Read Blocks': 0, 'Temp Written Blocks': 0, 'Workers': []}]}]}]}","{'Shared Hit Blocks': 71, 'Shared Read Blocks': 0, 'Shared Dirtied Blocks': 0, 'Shared Written Blocks': 0, 'Local Hit Blocks': 0, 'Local Read Blocks': 0, 'Local Dirtied Blocks': 0, 'Local Written Blocks': 0, 'Temp Read Blocks': 0, 'Temp Written Blocks': 0}",4.082,[],"{'Functions': 30, 'Options': {'Inlining': True, 'Optimization': True, 'Expressions': True, 'Deforming': True}, 'Timing': {'Generation': 61.617, 'Inlining': 3930.211, 'Optimization': 1909.033, 'Emission': 1152.661, 'Total': 7053.522}}",9533.974,11
"{'Node Type': 'Aggregate', 'Strategy': 'Plain', 'Partial Mode': 'Finalize', 'Parallel Aware': False, 'Async Capable': False, 'Startup Cost': 533507.46, 'Total Cost': 533507.47, 'Plan Rows': 1, 'Plan Width': 8, 'Actual Startup Time': 9058.707, 'Actual Total Time': 9086.826, 'Actual Rows': 1, 'Actual Loops': 1, 'Shared Hit Blocks': 2464, 'Shared Read Blocks': 391419, 'Shared Dirtied Blocks': 0, 'Shared Written Blocks': 0, 'Local Hit Blocks': 0, 'Local Read Blocks': 0, 'Local Dirtied Blocks': 0, 'Local Written Blocks': 0, 'Temp Read Blocks': 0, 'Temp Written Blocks': 0, 'Plans': [{'Node Type': 'Gather', 'Parent Relationship': 'Outer', 'Parallel Aware': False, 'Async Capable': False, 'Startup Cost': 533506.83, 'Total Cost': 533507.44, 'Plan Rows': 6, 'Plan Width': 8, 'Actual Startup Time': 9046.273, 'Actual Total Time': 9086.763, 'Actual Rows': 7, 'Actual Loops': 1, 'Workers Planned': 6, 'Workers Launched': 6, 'Single Copy': False, 'Shared Hit Blocks': 2464, 'Shared Read Blocks': 391419, 'Shared Dirtied Blocks': 0, 'Shared Written Blocks': 0, 'Local Hit Blocks': 0, 'Local Read Blocks': 0, 'Local Dirtied Blocks': 0, 'Local Written Blocks': 0, 'Temp Read Blocks': 0, 'Temp Written Blocks': 0, 'Plans': [{'Node Type': 'Aggregate', 'Strategy': 'Plain', 'Partial Mode': 'Partial', 'Parent Relationship': 'Outer', 'Parallel Aware': False, 'Async Capable': False, 'Startup Cost': 532506.83, 'Total Cost': 532506.84, 'Plan Rows': 1, 'Plan Width': 8, 'Actual Startup Time': 8690.367, 'Actual Total Time': 8690.369, 'Actual Rows': 1, 'Actual Loops': 7, 'Shared Hit Blocks': 2464, 'Shared Read Blocks': 391419, 'Shared Dirtied Blocks': 0, 'Shared Written Blocks': 0, 'Local Hit Blocks': 0, 'Local Read Blocks': 0, 'Local Dirtied Blocks': 0, 'Local Written Blocks': 0, 'Temp Read Blocks': 0, 'Temp Written Blocks': 0, 'Workers': [], 'Plans': [{'Node Type': 'Seq Scan', 'Parent Relationship': 'Outer', 'Parallel Aware': True, 'Async Capable': False, 'Relation Name': 'timeseries', 'Alias': 'timeseries', 'Startup Cost': 0.0, 'Total Cost': 527803.22, 'Plan Rows': 1881446, 'Plan Width': 0, 'Actual Startup Time': 1103.988, 'Actual Total Time': 7753.553, 'Actual Rows': 1572576, 'Actual Loops': 7, 'Filter': ""(status AND (datetime >= '2020-02-01 00:00:00'::timestamp without time zone) AND (datetime <= '2020-02-13 23:59:59'::timestamp without time zone))"", 'Rows Removed by Filter': 6079996, 'Shared Hit Blocks': 2464, 'Shared Read Blocks': 391419, 'Shared Dirtied Blocks': 0, 'Shared Written Blocks': 0, 'Local Hit Blocks': 0, 'Local Read Blocks': 0, 'Local Dirtied Blocks': 0, 'Local Written Blocks': 0, 'Temp Read Blocks': 0, 'Temp Written Blocks': 0, 'Workers': []}]}]}]}","{'Shared Hit Blocks': 71, 'Shared Read Blocks': 0, 'Shared Dirtied Blocks': 0, 'Shared Written Blocks': 0, 'Local Hit Blocks': 0, 'Local Read Blocks': 0, 'Local Dirtied Blocks': 0, 'Local Written Blocks': 0, 'Temp Read Blocks': 0, 'Temp Written Blocks': 0}",0.969,[],"{'Functions': 30, 'Options': {'Inlining': True, 'Optimization': True, 'Expressions': True, 'Deforming': True}, 'Timing': {'Generation': 45.178, 'Inlining': 3974.181, 'Optimization': 1886.623, 'Emission': 1119.46, 'Total': 7025.442}}",9191.82,12
"{'Node Type': 'Aggregate', 'Strategy': 'Plain', 'Partial Mode': 'Finalize', 'Parallel Aware': False, 'Async Capable': False, 'Startup Cost': 533507.46, 'Total Cost': 533507.47, 'Plan Rows': 1, 'Plan Width': 8, 'Actual Startup Time': 9389.91, 'Actual Total Time': 9414.928, 'Actual Rows': 1, 'Actual Loops': 1, 'Shared Hit Blocks': 2688, 'Shared Read Blocks': 391195, 'Shared Dirtied Blocks': 0, 'Shared Written Blocks': 0, 'Local Hit Blocks': 0, 'Local Read Blocks': 0, 'Local Dirtied Blocks': 0, 'Local Written Blocks': 0, 'Temp Read Blocks': 0, 'Temp Written Blocks': 0, 'Plans': [{'Node Type': 'Gather', 'Parent Relationship': 'Outer', 'Parallel Aware': False, 'Async Capable': False, 'Startup Cost': 533506.83, 'Total Cost': 533507.44, 'Plan Rows': 6, 'Plan Width': 8, 'Actual Startup Time': 9383.932, 'Actual Total Time': 9414.883, 'Actual Rows': 7, 'Actual Loops': 1, 'Workers Planned': 6, 'Workers Launched': 6, 'Single Copy': False, 'Shared Hit Blocks': 2688, 'Shared Read Blocks': 391195, 'Shared Dirtied Blocks': 0, 'Shared Written Blocks': 0, 'Local Hit Blocks': 0, 'Local Read Blocks': 0, 'Local Dirtied Blocks': 0, 'Local Written Blocks': 0, 'Temp Read Blocks': 0, 'Temp Written Blocks': 0, 'Plans': [{'Node Type': 'Aggregate', 'Strategy': 'Plain', 'Partial Mode': 'Partial', 'Parent Relationship': 'Outer', 'Parallel Aware': False, 'Async Capable': False, 'Startup Cost': 532506.83, 'Total Cost': 532506.84, 'Plan Rows': 1, 'Plan Width': 8, 'Actual Startup Time': 9021.076, 'Actual Total Time': 9021.079, 'Actual Rows': 1, 'Actual Loops': 7, 'Shared Hit Blocks': 2688, 'Shared Read Blocks': 391195, 'Shared Dirtied Blocks': 0, 'Shared Written Blocks': 0, 'Local Hit Blocks': 0, 'Local Read Blocks': 0, 'Local Dirtied Blocks': 0, 'Local Written Blocks': 0, 'Temp Read Blocks': 0, 'Temp Written Blocks': 0, 'Workers': [], 'Plans': [{'Node Type': 'Seq Scan', 'Parent Relationship': 'Outer', 'Parallel Aware': True, 'Async Capable': False, 'Relation Name': 'timeseries', 'Alias': 'timeseries', 'Startup Cost': 0.0, 'Total Cost': 527803.22, 'Plan Rows': 1881446, 'Plan Width': 0, 'Actual Startup Time': 1092.498, 'Actual Total Time': 7997.0, 'Actual Rows': 1572576, 'Actual Loops': 7, 'Filter': ""(status AND (datetime >= '2020-02-01 00:00:00'::timestamp without time zone) AND (datetime <= '2020-02-13 23:59:59'::timestamp without time zone))"", 'Rows Removed by Filter': 6079996, 'Shared Hit Blocks': 2688, 'Shared Read Blocks': 391195, 'Shared Dirtied Blocks': 0, 'Shared Written Blocks': 0, 'Local Hit Blocks': 0, 'Local Read Blocks': 0, 'Local Dirtied Blocks': 0, 'Local Written Blocks': 0, 'Temp Read Blocks': 0, 'Temp Written Blocks': 0, 'Workers': []}]}]}]}","{'Shared Hit Blocks': 71, 'Shared Read Blocks': 0, 'Shared Dirtied Blocks': 0, 'Shared Written Blocks': 0, 'Local Hit Blocks': 0, 'Local Read Blocks': 0, 'Local Dirtied Blocks': 0, 'Local Written Blocks': 0, 'Temp Read Blocks': 0, 'Temp Written Blocks': 0}",0.955,[],"{'Functions': 30, 'Options': {'Inlining': True, 'Optimization': True, 'Expressions': True, 'Deforming': True}, 'Timing': {'Generation': 12.935, 'Inlining': 3982.964, 'Optimization': 1952.924, 'Emission': 1065.003, 'Total': 7013.825}}",9519.959,13
"{'Node Type': 'Aggregate', 'Strategy': 'Plain', 'Partial Mode': 'Finalize', 'Parallel Aware': False, 'Async Capable': False, 'Startup Cost': 533507.46, 'Total Cost': 533507.47, 'Plan Rows': 1, 'Plan Width': 8, 'Actual Startup Time': 9043.58, 'Actual Total Time': 9071.158, 'Actual Rows': 1, 'Actual Loops': 1, 'Shared Hit Blocks': 2912, 'Shared Read Blocks': 390971, 'Shared Dirtied Blocks': 0, 'Shared Written Blocks': 0, 'Local Hit Blocks': 0, 'Local Read Blocks': 0, 'Local Dirtied Blocks': 0, 'Local Written Blocks': 0, 'Temp Read Blocks': 0, 'Temp Written Blocks': 0, 'Plans': [{'Node Type': 'Gather', 'Parent Relationship': 'Outer', 'Parallel Aware': False, 'Async Capable': False, 'Startup Cost': 533506.83, 'Total Cost': 533507.44, 'Plan Rows': 6, 'Plan Width': 8, 'Actual Startup Time': 9040.437, 'Actual Total Time': 9071.109, 'Actual Rows': 7, 'Actual Loops': 1, 'Workers Planned': 6, 'Workers Launched': 6, 'Single Copy': False, 'Shared Hit Blocks': 2912, 'Shared Read Blocks': 390971, 'Shared Dirtied Blocks': 0, 'Shared Written Blocks': 0, 'Local Hit Blocks': 0, 'Local Read Blocks': 0, 'Local Dirtied Blocks': 0, 'Local Written Blocks': 0, 'Temp Read Blocks': 0, 'Temp Written Blocks': 0, 'Plans': [{'Node Type': 'Aggregate', 'Strategy': 'Plain', 'Partial Mode': 'Partial', 'Parent Relationship': 'Outer', 'Parallel Aware': False, 'Async Capable': False, 'Startup Cost': 532506.83, 'Total Cost': 532506.84, 'Plan Rows': 1, 'Plan Width': 8, 'Actual Startup Time': 8675.912, 'Actual Total Time': 8675.914, 'Actual Rows': 1, 'Actual Loops': 7, 'Shared Hit Blocks': 2912, 'Shared Read Blocks': 390971, 'Shared Dirtied Blocks': 0, 'Shared Written Blocks': 0, 'Local Hit Blocks': 0, 'Local Read Blocks': 0, 'Local Dirtied Blocks': 0, 'Local Written Blocks': 0, 'Temp Read Blocks': 0, 'Temp Written Blocks': 0, 'Workers': [], 'Plans': [{'Node Type': 'Seq Scan', 'Parent Relationship': 'Outer', 'Parallel Aware': True, 'Async Capable': False, 'Relation Name': 'timeseries', 'Alias': 'timeseries', 'Startup Cost': 0.0, 'Total Cost': 527803.22, 'Plan Rows': 1881446, 'Plan Width': 0, 'Actual Startup Time': 1125.996, 'Actual Total Time': 7721.866, 'Actual Rows': 1572576, 'Actual Loops': 7, 'Filter': ""(status AND (datetime >= '2020-02-01 00:00:00'::timestamp without time zone) AND (datetime <= '2020-02-13 23:59:59'::timestamp without time zone))"", 'Rows Removed by Filter': 6079996, 'Shared Hit Blocks': 2912, 'Shared Read Blocks': 390971, 'Shared Dirtied Blocks': 0, 'Shared Written Blocks': 0, 'Local Hit Blocks': 0, 'Local Read Blocks': 0, 'Local Dirtied Blocks': 0, 'Local Written Blocks': 0, 'Temp Read Blocks': 0, 'Temp Written Blocks': 0, 'Workers': []}]}]}]}","{'Shared Hit Blocks': 71, 'Shared Read Blocks': 0, 'Shared Dirtied Blocks': 0, 'Shared Written Blocks': 0, 'Local Hit Blocks': 0, 'Local Read Blocks': 0, 'Local Dirtied Blocks': 0, 'Local Written Blocks': 0, 'Temp Read Blocks': 0, 'Temp Written Blocks': 0}",1.004,[],"{'Functions': 30, 'Options': {'Inlining': True, 'Optimization': True, 'Expressions': True, 'Deforming': True}, 'Timing': {'Generation': 38.783, 'Inlining': 3952.147, 'Optimization': 1858.399, 'Emission': 1211.171, 'Total': 7060.5}}",9183.098,14
"{'Node Type': 'Aggregate', 'Strategy': 'Plain', 'Partial Mode': 'Finalize', 'Parallel Aware': False, 'Async Capable': False, 'Startup Cost': 533507.46, 'Total Cost': 533507.47, 'Plan Rows': 1, 'Plan Width': 8, 'Actual Startup Time': 9232.311, 'Actual Total Time': 9262.784, 'Actual Rows': 1, 'Actual Loops': 1, 'Shared Hit Blocks': 3136, 'Shared Read Blocks': 390747, 'Shared Dirtied Blocks': 0, 'Shared Written Blocks': 0, 'Local Hit Blocks': 0, 'Local Read Blocks': 0, 'Local Dirtied Blocks': 0, 'Local Written Blocks': 0, 'Temp Read Blocks': 0, 'Temp Written Blocks': 0, 'Plans': [{'Node Type': 'Gather', 'Parent Relationship': 'Outer', 'Parallel Aware': False, 'Async Capable': False, 'Startup Cost': 533506.83, 'Total Cost': 533507.44, 'Plan Rows': 6, 'Plan Width': 8, 'Actual Startup Time': 9220.727, 'Actual Total Time': 9262.73, 'Actual Rows': 7, 'Actual Loops': 1, 'Workers Planned': 6, 'Workers Launched': 6, 'Single Copy': False, 'Shared Hit Blocks': 3136, 'Shared Read Blocks': 390747, 'Shared Dirtied Blocks': 0, 'Shared Written Blocks': 0, 'Local Hit Blocks': 0, 'Local Read Blocks': 0, 'Local Dirtied Blocks': 0, 'Local Written Blocks': 0, 'Temp Read Blocks': 0, 'Temp Written Blocks': 0, 'Plans': [{'Node Type': 'Aggregate', 'Strategy': 'Plain', 'Partial Mode': 'Partial', 'Parent Relationship': 'Outer', 'Parallel Aware': False, 'Async Capable': False, 'Startup Cost': 532506.83, 'Total Cost': 532506.84, 'Plan Rows': 1, 'Plan Width': 8, 'Actual Startup Time': 8859.041, 'Actual Total Time': 8859.043, 'Actual Rows': 1, 'Actual Loops': 7, 'Shared Hit Blocks': 3136, 'Shared Read Blocks': 390747, 'Shared Dirtied Blocks': 0, 'Shared Written Blocks': 0, 'Local Hit Blocks': 0, 'Local Read Blocks': 0, 'Local Dirtied Blocks': 0, 'Local Written Blocks': 0, 'Temp Read Blocks': 0, 'Temp Written Blocks': 0, 'Workers': [], 'Plans': [{'Node Type': 'Seq Scan', 'Parent Relationship': 'Outer', 'Parallel Aware': True, 'Async Capable': False, 'Relation Name': 'timeseries', 'Alias': 'timeseries', 'Startup Cost': 0.0, 'Total Cost': 527803.22, 'Plan Rows': 1881446, 'Plan Width': 0, 'Actual Startup Time': 1089.68, 'Actual Total Time': 7888.321, 'Actual Rows': 1572576, 'Actual Loops': 7, 'Filter': ""(status AND (datetime >= '2020-02-01 00:00:00'::timestamp without time zone) AND (datetime <= '2020-02-13 23:59:59'::timestamp without time zone))"", 'Rows Removed by Filter': 6079996, 'Shared Hit Blocks': 3136, 'Shared Read Blocks': 390747, 'Shared Dirtied Blocks': 0, 'Shared Written Blocks': 0, 'Local Hit Blocks': 0, 'Local Read Blocks': 0, 'Local Dirtied Blocks': 0, 'Local Written Blocks': 0, 'Temp Read Blocks': 0, 'Temp Written Blocks': 0, 'Workers': []}]}]}]}","{'Shared Hit Blocks': 71, 'Shared Read Blocks': 0, 'Shared Dirtied Blocks': 0, 'Shared Written Blocks': 0, 'Local Hit Blocks': 0, 'Local Read Blocks': 0, 'Local Dirtied Blocks': 0, 'Local Written Blocks': 0, 'Temp Read Blocks': 0, 'Temp Written Blocks': 0}",4.178,[],"{'Functions': 30, 'Options': {'Inlining': True, 'Optimization': True, 'Expressions': True, 'Deforming': True}, 'Timing': {'Generation': 69.514, 'Inlining': 3934.165, 'Optimization': 1865.651, 'Emission': 1147.574, 'Total': 7016.904}}",9425.926,15
"{'Node Type': 'Aggregate', 'Strategy': 'Plain', 'Partial Mode': 'Finalize', 'Parallel Aware': False, 'Async Capable': False, 'Startup Cost': 533507.46, 'Total Cost': 533507.47, 'Plan Rows': 1, 'Plan Width': 8, 'Actual Startup Time': 9256.252, 'Actual Total Time': 9280.685, 'Actual Rows': 1, 'Actual Loops': 1, 'Shared Hit Blocks': 3360, 'Shared Read Blocks': 390523, 'Shared Dirtied Blocks': 0, 'Shared Written Blocks': 0, 'Local Hit Blocks': 0, 'Local Read Blocks': 0, 'Local Dirtied Blocks': 0, 'Local Written Blocks': 0, 'Temp Read Blocks': 0, 'Temp Written Blocks': 0, 'Plans': [{'Node Type': 'Gather', 'Parent Relationship': 'Outer', 'Parallel Aware': False, 'Async Capable': False, 'Startup Cost': 533506.83, 'Total Cost': 533507.44, 'Plan Rows': 6, 'Plan Width': 8, 'Actual Startup Time': 9247.599, 'Actual Total Time': 9280.635, 'Actual Rows': 7, 'Actual Loops': 1, 'Workers Planned': 6, 'Workers Launched': 6, 'Single Copy': False, 'Shared Hit Blocks': 3360, 'Shared Read Blocks': 390523, 'Shared Dirtied Blocks': 0, 'Shared Written Blocks': 0, 'Local Hit Blocks': 0, 'Local Read Blocks': 0, 'Local Dirtied Blocks': 0, 'Local Written Blocks': 0, 'Temp Read Blocks': 0, 'Temp Written Blocks': 0, 'Plans': [{'Node Type': 'Aggregate', 'Strategy': 'Plain', 'Partial Mode': 'Partial', 'Parent Relationship': 'Outer', 'Parallel Aware': False, 'Async Capable': False, 'Startup Cost': 532506.83, 'Total Cost': 532506.84, 'Plan Rows': 1, 'Plan Width': 8, 'Actual Startup Time': 8879.821, 'Actual Total Time': 8879.823, 'Actual Rows': 1, 'Actual Loops': 7, 'Shared Hit Blocks': 3360, 'Shared Read Blocks': 390523, 'Shared Dirtied Blocks': 0, 'Shared Written Blocks': 0, 'Local Hit Blocks': 0, 'Local Read Blocks': 0, 'Local Dirtied Blocks': 0, 'Local Written Blocks': 0, 'Temp Read Blocks': 0, 'Temp Written Blocks': 0, 'Workers': [], 'Plans': [{'Node Type': 'Seq Scan', 'Parent Relationship': 'Outer', 'Parallel Aware': True, 'Async Capable': False, 'Relation Name': 'timeseries', 'Alias': 'timeseries', 'Startup Cost': 0.0, 'Total Cost': 527803.22, 'Plan Rows': 1881446, 'Plan Width': 0, 'Actual Startup Time': 1086.172, 'Actual Total Time': 7904.712, 'Actual Rows': 1572576, 'Actual Loops': 7, 'Filter': ""(status AND (datetime >= '2020-02-01 00:00:00'::timestamp without time zone) AND (datetime <= '2020-02-13 23:59:59'::timestamp without time zone))"", 'Rows Removed by Filter': 6079996, 'Shared Hit Blocks': 3360, 'Shared Read Blocks': 390523, 'Shared Dirtied Blocks': 0, 'Shared Written Blocks': 0, 'Local Hit Blocks': 0, 'Local Read Blocks': 0, 'Local Dirtied Blocks': 0, 'Local Written Blocks': 0, 'Temp Read Blocks': 0, 'Temp Written Blocks': 0, 'Workers': []}]}]}]}","{'Shared Hit Blocks': 71, 'Shared Read Blocks': 0, 'Shared Dirtied Blocks': 0, 'Shared Written Blocks': 0, 'Local Hit Blocks': 0, 'Local Read Blocks': 0, 'Local Dirtied Blocks': 0, 'Local Written Blocks': 0, 'Temp Read Blocks': 0, 'Temp Written Blocks': 0}",0.975,[],"{'Functions': 30, 'Options': {'Inlining': True, 'Optimization': True, 'Expressions': True, 'Deforming': True}, 'Timing': {'Generation': 67.268, 'Inlining': 3940.215, 'Optimization': 1924.998, 'Emission': 1063.773, 'Total': 6996.254}}",9385.589,16
"{'Node Type': 'Aggregate', 'Strategy': 'Plain', 'Partial Mode': 'Finalize', 'Parallel Aware': False, 'Async Capable': False, 'Startup Cost': 533507.46, 'Total Cost': 533507.47, 'Plan Rows': 1, 'Plan Width': 8, 'Actual Startup Time': 9245.861, 'Actual Total Time': 9272.012, 'Actual Rows': 1, 'Actual Loops': 1, 'Shared Hit Blocks': 3584, 'Shared Read Blocks': 390299, 'Shared Dirtied Blocks': 0, 'Shared Written Blocks': 0, 'Local Hit Blocks': 0, 'Local Read Blocks': 0, 'Local Dirtied Blocks': 0, 'Local Written Blocks': 0, 'Temp Read Blocks': 0, 'Temp Written Blocks': 0, 'Plans': [{'Node Type': 'Gather', 'Parent Relationship': 'Outer', 'Parallel Aware': False, 'Async Capable': False, 'Startup Cost': 533506.83, 'Total Cost': 533507.44, 'Plan Rows': 6, 'Plan Width': 8, 'Actual Startup Time': 9238.778, 'Actual Total Time': 9271.962, 'Actual Rows': 7, 'Actual Loops': 1, 'Workers Planned': 6, 'Workers Launched': 6, 'Single Copy': False, 'Shared Hit Blocks': 3584, 'Shared Read Blocks': 390299, 'Shared Dirtied Blocks': 0, 'Shared Written Blocks': 0, 'Local Hit Blocks': 0, 'Local Read Blocks': 0, 'Local Dirtied Blocks': 0, 'Local Written Blocks': 0, 'Temp Read Blocks': 0, 'Temp Written Blocks': 0, 'Plans': [{'Node Type': 'Aggregate', 'Strategy': 'Plain', 'Partial Mode': 'Partial', 'Parent Relationship': 'Outer', 'Parallel Aware': False, 'Async Capable': False, 'Startup Cost': 532506.83, 'Total Cost': 532506.84, 'Plan Rows': 1, 'Plan Width': 8, 'Actual Startup Time': 8870.977, 'Actual Total Time': 8870.979, 'Actual Rows': 1, 'Actual Loops': 7, 'Shared Hit Blocks': 3584, 'Shared Read Blocks': 390299, 'Shared Dirtied Blocks': 0, 'Shared Written Blocks': 0, 'Local Hit Blocks': 0, 'Local Read Blocks': 0, 'Local Dirtied Blocks': 0, 'Local Written Blocks': 0, 'Temp Read Blocks': 0, 'Temp Written Blocks': 0, 'Workers': [], 'Plans': [{'Node Type': 'Seq Scan', 'Parent Relationship': 'Outer', 'Parallel Aware': True, 'Async Capable': False, 'Relation Name': 'timeseries', 'Alias': 'timeseries', 'Startup Cost': 0.0, 'Total Cost': 527803.22, 'Plan Rows': 1881446, 'Plan Width': 0, 'Actual Startup Time': 1088.048, 'Actual Total Time': 7877.78, 'Actual Rows': 1572576, 'Actual Loops': 7, 'Filter': ""(status AND (datetime >= '2020-02-01 00:00:00'::timestamp without time zone) AND (datetime <= '2020-02-13 23:59:59'::timestamp without time zone))"", 'Rows Removed by Filter': 6079996, 'Shared Hit Blocks': 3584, 'Shared Read Blocks': 390299, 'Shared Dirtied Blocks': 0, 'Shared Written Blocks': 0, 'Local Hit Blocks': 0, 'Local Read Blocks': 0, 'Local Dirtied Blocks': 0, 'Local Written Blocks': 0, 'Temp Read Blocks': 0, 'Temp Written Blocks': 0, 'Workers': []}]}]}]}","{'Shared Hit Blocks': 71, 'Shared Read Blocks': 0, 'Shared Dirtied Blocks': 0, 'Shared Written Blocks': 0, 'Local Hit Blocks': 0, 'Local Read Blocks': 0, 'Local Dirtied Blocks': 0, 'Local Written Blocks': 0, 'Temp Read Blocks': 0, 'Temp Written Blocks': 0}",1.0,[],"{'Functions': 30, 'Options': {'Inlining': True, 'Optimization': True, 'Expressions': True, 'Deforming': True}, 'Timing': {'Generation': 41.212, 'Inlining': 3961.825, 'Optimization': 1914.155, 'Emission': 1151.356, 'Total': 7068.549}}",9376.817,17
"{'Node Type': 'Aggregate', 'Strategy': 'Plain', 'Partial Mode': 'Finalize', 'Parallel Aware': False, 'Async Capable': False, 'Startup Cost': 533507.46, 'Total Cost': 533507.47, 'Plan Rows': 1, 'Plan Width': 8, 'Actual Startup Time': 9139.994, 'Actual Total Time': 9169.221, 'Actual Rows': 1, 'Actual Loops': 1, 'Shared Hit Blocks': 3808, 'Shared Read Blocks': 390075, 'Shared Dirtied Blocks': 0, 'Shared Written Blocks': 0, 'Local Hit Blocks': 0, 'Local Read Blocks': 0, 'Local Dirtied Blocks': 0, 'Local Written Blocks': 0, 'Temp Read Blocks': 0, 'Temp Written Blocks': 0, 'Plans': [{'Node Type': 'Gather', 'Parent Relationship': 'Outer', 'Parallel Aware': False, 'Async Capable': False, 'Startup Cost': 533506.83, 'Total Cost': 533507.44, 'Plan Rows': 6, 'Plan Width': 8, 'Actual Startup Time': 9130.554, 'Actual Total Time': 9169.166, 'Actual Rows': 7, 'Actual Loops': 1, 'Workers Planned': 6, 'Workers Launched': 6, 'Single Copy': False, 'Shared Hit Blocks': 3808, 'Shared Read Blocks': 390075, 'Shared Dirtied Blocks': 0, 'Shared Written Blocks': 0, 'Local Hit Blocks': 0, 'Local Read Blocks': 0, 'Local Dirtied Blocks': 0, 'Local Written Blocks': 0, 'Temp Read Blocks': 0, 'Temp Written Blocks': 0, 'Plans': [{'Node Type': 'Aggregate', 'Strategy': 'Plain', 'Partial Mode': 'Partial', 'Parent Relationship': 'Outer', 'Parallel Aware': False, 'Async Capable': False, 'Startup Cost': 532506.83, 'Total Cost': 532506.84, 'Plan Rows': 1, 'Plan Width': 8, 'Actual Startup Time': 8766.119, 'Actual Total Time': 8766.121, 'Actual Rows': 1, 'Actual Loops': 7, 'Shared Hit Blocks': 3808, 'Shared Read Blocks': 390075, 'Shared Dirtied Blocks': 0, 'Shared Written Blocks': 0, 'Local Hit Blocks': 0, 'Local Read Blocks': 0, 'Local Dirtied Blocks': 0, 'Local Written Blocks': 0, 'Temp Read Blocks': 0, 'Temp Written Blocks': 0, 'Workers': [], 'Plans': [{'Node Type': 'Seq Scan', 'Parent Relationship': 'Outer', 'Parallel Aware': True, 'Async Capable': False, 'Relation Name': 'timeseries', 'Alias': 'timeseries', 'Startup Cost': 0.0, 'Total Cost': 527803.22, 'Plan Rows': 1881446, 'Plan Width': 0, 'Actual Startup Time': 1085.754, 'Actual Total Time': 7845.262, 'Actual Rows': 1572576, 'Actual Loops': 7, 'Filter': ""(status AND (datetime >= '2020-02-01 00:00:00'::timestamp without time zone) AND (datetime <= '2020-02-13 23:59:59'::timestamp without time zone))"", 'Rows Removed by Filter': 6079996, 'Shared Hit Blocks': 3808, 'Shared Read Blocks': 390075, 'Shared Dirtied Blocks': 0, 'Shared Written Blocks': 0, 'Local Hit Blocks': 0, 'Local Read Blocks': 0, 'Local Dirtied Blocks': 0, 'Local Written Blocks': 0, 'Temp Read Blocks': 0, 'Temp Written Blocks': 0, 'Workers': []}]}]}]}","{'Shared Hit Blocks': 71, 'Shared Read Blocks': 0, 'Shared Dirtied Blocks': 0, 'Shared Written Blocks': 0, 'Local Hit Blocks': 0, 'Local Read Blocks': 0, 'Local Dirtied Blocks': 0, 'Local Written Blocks': 0, 'Temp Read Blocks': 0, 'Temp Written Blocks': 0}",4.084,[],"{'Functions': 30, 'Options': {'Inlining': True, 'Optimization': True, 'Expressions': True, 'Deforming': True}, 'Timing': {'Generation': 53.414, 'Inlining': 3925.78, 'Optimization': 1919.321, 'Emission': 1162.687, 'Total': 7061.201}}",9436.67,18
"{'Node Type': 'Aggregate', 'Strategy': 'Plain', 'Partial Mode': 'Finalize', 'Parallel Aware': False, 'Async Capable': False, 'Startup Cost': 533507.46, 'Total Cost': 533507.47, 'Plan Rows': 1, 'Plan Width': 8, 'Actual Startup Time': 9447.565, 'Actual Total Time': 9469.091, 'Actual Rows': 1, 'Actual Loops': 1, 'Shared Hit Blocks': 4032, 'Shared Read Blocks': 389851, 'Shared Dirtied Blocks': 0, 'Shared Written Blocks': 0, 'Local Hit Blocks': 0, 'Local Read Blocks': 0, 'Local Dirtied Blocks': 0, 'Local Written Blocks': 0, 'Temp Read Blocks': 0, 'Temp Written Blocks': 0, 'Plans': [{'Node Type': 'Gather', 'Parent Relationship': 'Outer', 'Parallel Aware': False, 'Async Capable': False, 'Startup Cost': 533506.83, 'Total Cost': 533507.44, 'Plan Rows': 6, 'Plan Width': 8, 'Actual Startup Time': 9447.536, 'Actual Total Time': 9469.07, 'Actual Rows': 7, 'Actual Loops': 1, 'Workers Planned': 6, 'Workers Launched': 6, 'Single Copy': False, 'Shared Hit Blocks': 4032, 'Shared Read Blocks': 389851, 'Shared Dirtied Blocks': 0, 'Shared Written Blocks': 0, 'Local Hit Blocks': 0, 'Local Read Blocks': 0, 'Local Dirtied Blocks': 0, 'Local Written Blocks': 0, 'Temp Read Blocks': 0, 'Temp Written Blocks': 0, 'Plans': [{'Node Type': 'Aggregate', 'Strategy': 'Plain', 'Partial Mode': 'Partial', 'Parent Relationship': 'Outer', 'Parallel Aware': False, 'Async Capable': False, 'Startup Cost': 532506.83, 'Total Cost': 532506.84, 'Plan Rows': 1, 'Plan Width': 8, 'Actual Startup Time': 9070.352, 'Actual Total Time': 9070.355, 'Actual Rows': 1, 'Actual Loops': 7, 'Shared Hit Blocks': 4032, 'Shared Read Blocks': 389851, 'Shared Dirtied Blocks': 0, 'Shared Written Blocks': 0, 'Local Hit Blocks': 0, 'Local Read Blocks': 0, 'Local Dirtied Blocks': 0, 'Local Written Blocks': 0, 'Temp Read Blocks': 0, 'Temp Written Blocks': 0, 'Workers': [], 'Plans': [{'Node Type': 'Seq Scan', 'Parent Relationship': 'Outer', 'Parallel Aware': True, 'Async Capable': False, 'Relation Name': 'timeseries', 'Alias': 'timeseries', 'Startup Cost': 0.0, 'Total Cost': 527803.22, 'Plan Rows': 1881446, 'Plan Width': 0, 'Actual Startup Time': 1092.847, 'Actual Total Time': 8106.233, 'Actual Rows': 1572576, 'Actual Loops': 7, 'Filter': ""(status AND (datetime >= '2020-02-01 00:00:00'::timestamp without time zone) AND (datetime <= '2020-02-13 23:59:59'::timestamp without time zone))"", 'Rows Removed by Filter': 6079996, 'Shared Hit Blocks': 4032, 'Shared Read Blocks': 389851, 'Shared Dirtied Blocks': 0, 'Shared Written Blocks': 0, 'Local Hit Blocks': 0, 'Local Read Blocks': 0, 'Local Dirtied Blocks': 0, 'Local Written Blocks': 0, 'Temp Read Blocks': 0, 'Temp Written Blocks': 0, 'Workers': []}]}]}]}","{'Shared Hit Blocks': 71, 'Shared Read Blocks': 0, 'Shared Dirtied Blocks': 0, 'Shared Written Blocks': 0, 'Local Hit Blocks': 0, 'Local Read Blocks': 0, 'Local Dirtied Blocks': 0, 'Local Written Blocks': 0, 'Temp Read Blocks': 0, 'Temp Written Blocks': 0}",4.085,[],"{'Functions': 30, 'Options': {'Inlining': True, 'Optimization': True, 'Expressions': True, 'Deforming': True}, 'Timing': {'Generation': 53.453, 'Inlining': 3932.205, 'Optimization': 1904.252, 'Emission': 1147.395, 'Total': 7037.305}}",9632.989,19
"{'Node Type': 'Aggregate', 'Strategy': 'Plain', 'Partial Mode': 'Finalize', 'Parallel Aware': False, 'Async Capable': False, 'Startup Cost': 533507.46, 'Total Cost': 533507.47, 'Plan Rows': 1, 'Plan Width': 8, 'Actual Startup Time': 9096.105, 'Actual Total Time': 9120.081, 'Actual Rows': 1, 'Actual Loops': 1, 'Shared Hit Blocks': 4256, 'Shared Read Blocks': 389627, 'Shared Dirtied Blocks': 0, 'Shared Written Blocks': 0, 'Local Hit Blocks': 0, 'Local Read Blocks': 0, 'Local Dirtied Blocks': 0, 'Local Written Blocks': 0, 'Temp Read Blocks': 0, 'Temp Written Blocks': 0, 'Plans': [{'Node Type': 'Gather', 'Parent Relationship': 'Outer', 'Parallel Aware': False, 'Async Capable': False, 'Startup Cost': 533506.83, 'Total Cost': 533507.44, 'Plan Rows': 6, 'Plan Width': 8, 'Actual Startup Time': 9087.67, 'Actual Total Time': 9120.036, 'Actual Rows': 7, 'Actual Loops': 1, 'Workers Planned': 6, 'Workers Launched': 6, 'Single Copy': False, 'Shared Hit Blocks': 4256, 'Shared Read Blocks': 389627, 'Shared Dirtied Blocks': 0, 'Shared Written Blocks': 0, 'Local Hit Blocks': 0, 'Local Read Blocks': 0, 'Local Dirtied Blocks': 0, 'Local Written Blocks': 0, 'Temp Read Blocks': 0, 'Temp Written Blocks': 0, 'Plans': [{'Node Type': 'Aggregate', 'Strategy': 'Plain', 'Partial Mode': 'Partial', 'Parent Relationship': 'Outer', 'Parallel Aware': False, 'Async Capable': False, 'Startup Cost': 532506.83, 'Total Cost': 532506.84, 'Plan Rows': 1, 'Plan Width': 8, 'Actual Startup Time': 8721.066, 'Actual Total Time': 8721.069, 'Actual Rows': 1, 'Actual Loops': 7, 'Shared Hit Blocks': 4256, 'Shared Read Blocks': 389627, 'Shared Dirtied Blocks': 0, 'Shared Written Blocks': 0, 'Local Hit Blocks': 0, 'Local Read Blocks': 0, 'Local Dirtied Blocks': 0, 'Local Written Blocks': 0, 'Temp Read Blocks': 0, 'Temp Written Blocks': 0, 'Workers': [], 'Plans': [{'Node Type': 'Seq Scan', 'Parent Relationship': 'Outer', 'Parallel Aware': True, 'Async Capable': False, 'Relation Name': 'timeseries', 'Alias': 'timeseries', 'Startup Cost': 0.0, 'Total Cost': 527803.22, 'Plan Rows': 1881446, 'Plan Width': 0, 'Actual Startup Time': 1069.609, 'Actual Total Time': 7784.568, 'Actual Rows': 1572576, 'Actual Loops': 7, 'Filter': ""(status AND (datetime >= '2020-02-01 00:00:00'::timestamp without time zone) AND (datetime <= '2020-02-13 23:59:59'::timestamp without time zone))"", 'Rows Removed by Filter': 6079996, 'Shared Hit Blocks': 4256, 'Shared Read Blocks': 389627, 'Shared Dirtied Blocks': 0, 'Shared Written Blocks': 0, 'Local Hit Blocks': 0, 'Local Read Blocks': 0, 'Local Dirtied Blocks': 0, 'Local Written Blocks': 0, 'Temp Read Blocks': 0, 'Temp Written Blocks': 0, 'Workers': []}]}]}]}","{'Shared Hit Blocks': 71, 'Shared Read Blocks': 0, 'Shared Dirtied Blocks': 0, 'Shared Written Blocks': 0, 'Local Hit Blocks': 0, 'Local Read Blocks': 0, 'Local Dirtied Blocks': 0, 'Local Written Blocks': 0, 'Temp Read Blocks': 0, 'Temp Written Blocks': 0}",4.15,[],"{'Functions': 30, 'Options': {'Inlining': True, 'Optimization': True, 'Expressions': True, 'Deforming': True}, 'Timing': {'Generation': 53.503, 'Inlining': 3937.87, 'Optimization': 1903.375, 'Emission': 1142.532, 'Total': 7037.28}}",9332.891,20
"{'Node Type': 'Aggregate', 'Strategy': 'Plain', 'Partial Mode': 'Finalize', 'Parallel Aware': False, 'Async Capable': False, 'Startup Cost': 533507.46, 'Total Cost': 533507.47, 'Plan Rows': 1, 'Plan Width': 8, 'Actual Startup Time': 9118.212, 'Actual Total Time': 9147.288, 'Actual Rows': 1, 'Actual Loops': 1, 'Shared Hit Blocks': 4480, 'Shared Read Blocks': 389403, 'Shared Dirtied Blocks': 0, 'Shared Written Blocks': 0, 'Local Hit Blocks': 0, 'Local Read Blocks': 0, 'Local Dirtied Blocks': 0, 'Local Written Blocks': 0, 'Temp Read Blocks': 0, 'Temp Written Blocks': 0, 'Plans': [{'Node Type': 'Gather', 'Parent Relationship': 'Outer', 'Parallel Aware': False, 'Async Capable': False, 'Startup Cost': 533506.83, 'Total Cost': 533507.44, 'Plan Rows': 6, 'Plan Width': 8, 'Actual Startup Time': 9118.182, 'Actual Total Time': 9147.266, 'Actual Rows': 7, 'Actual Loops': 1, 'Workers Planned': 6, 'Workers Launched': 6, 'Single Copy': False, 'Shared Hit Blocks': 4480, 'Shared Read Blocks': 389403, 'Shared Dirtied Blocks': 0, 'Shared Written Blocks': 0, 'Local Hit Blocks': 0, 'Local Read Blocks': 0, 'Local Dirtied Blocks': 0, 'Local Written Blocks': 0, 'Temp Read Blocks': 0, 'Temp Written Blocks': 0, 'Plans': [{'Node Type': 'Aggregate', 'Strategy': 'Plain', 'Partial Mode': 'Partial', 'Parent Relationship': 'Outer', 'Parallel Aware': False, 'Async Capable': False, 'Startup Cost': 532506.83, 'Total Cost': 532506.84, 'Plan Rows': 1, 'Plan Width': 8, 'Actual Startup Time': 8745.206, 'Actual Total Time': 8745.208, 'Actual Rows': 1, 'Actual Loops': 7, 'Shared Hit Blocks': 4480, 'Shared Read Blocks': 389403, 'Shared Dirtied Blocks': 0, 'Shared Written Blocks': 0, 'Local Hit Blocks': 0, 'Local Read Blocks': 0, 'Local Dirtied Blocks': 0, 'Local Written Blocks': 0, 'Temp Read Blocks': 0, 'Temp Written Blocks': 0, 'Workers': [], 'Plans': [{'Node Type': 'Seq Scan', 'Parent Relationship': 'Outer', 'Parallel Aware': True, 'Async Capable': False, 'Relation Name': 'timeseries', 'Alias': 'timeseries', 'Startup Cost': 0.0, 'Total Cost': 527803.22, 'Plan Rows': 1881446, 'Plan Width': 0, 'Actual Startup Time': 1110.621, 'Actual Total Time': 7804.372, 'Actual Rows': 1572576, 'Actual Loops': 7, 'Filter': ""(status AND (datetime >= '2020-02-01 00:00:00'::timestamp without time zone) AND (datetime <= '2020-02-13 23:59:59'::timestamp without time zone))"", 'Rows Removed by Filter': 6079996, 'Shared Hit Blocks': 4480, 'Shared Read Blocks': 389403, 'Shared Dirtied Blocks': 0, 'Shared Written Blocks': 0, 'Local Hit Blocks': 0, 'Local Read Blocks': 0, 'Local Dirtied Blocks': 0, 'Local Written Blocks': 0, 'Temp Read Blocks': 0, 'Temp Written Blocks': 0, 'Workers': []}]}]}]}","{'Shared Hit Blocks': 71, 'Shared Read Blocks': 0, 'Shared Dirtied Blocks': 0, 'Shared Written Blocks': 0, 'Local Hit Blocks': 0, 'Local Read Blocks': 0, 'Local Dirtied Blocks': 0, 'Local Written Blocks': 0, 'Temp Read Blocks': 0, 'Temp Written Blocks': 0}",1.005,[],"{'Functions': 30, 'Options': {'Inlining': True, 'Optimization': True, 'Expressions': True, 'Deforming': True}, 'Timing': {'Generation': 49.393, 'Inlining': 3957.608, 'Optimization': 1864.245, 'Emission': 1127.65, 'Total': 6998.896}}",9256.793,21
"{'Node Type': 'Aggregate', 'Strategy': 'Plain', 'Partial Mode': 'Finalize', 'Parallel Aware': False, 'Async Capable': False, 'Startup Cost': 533507.46, 'Total Cost': 533507.47, 'Plan Rows': 1, 'Plan Width': 8, 'Actual Startup Time': 9221.563, 'Actual Total Time': 9252.993, 'Actual Rows': 1, 'Actual Loops': 1, 'Shared Hit Blocks': 4704, 'Shared Read Blocks': 389179, 'Shared Dirtied Blocks': 0, 'Shared Written Blocks': 0, 'Local Hit Blocks': 0, 'Local Read Blocks': 0, 'Local Dirtied Blocks': 0, 'Local Written Blocks': 0, 'Temp Read Blocks': 0, 'Temp Written Blocks': 0, 'Plans': [{'Node Type': 'Gather', 'Parent Relationship': 'Outer', 'Parallel Aware': False, 'Async Capable': False, 'Startup Cost': 533506.83, 'Total Cost': 533507.44, 'Plan Rows': 6, 'Plan Width': 8, 'Actual Startup Time': 9211.889, 'Actual Total Time': 9252.94, 'Actual Rows': 7, 'Actual Loops': 1, 'Workers Planned': 6, 'Workers Launched': 6, 'Single Copy': False, 'Shared Hit Blocks': 4704, 'Shared Read Blocks': 389179, 'Shared Dirtied Blocks': 0, 'Shared Written Blocks': 0, 'Local Hit Blocks': 0, 'Local Read Blocks': 0, 'Local Dirtied Blocks': 0, 'Local Written Blocks': 0, 'Temp Read Blocks': 0, 'Temp Written Blocks': 0, 'Plans': [{'Node Type': 'Aggregate', 'Strategy': 'Plain', 'Partial Mode': 'Partial', 'Parent Relationship': 'Outer', 'Parallel Aware': False, 'Async Capable': False, 'Startup Cost': 532506.83, 'Total Cost': 532506.84, 'Plan Rows': 1, 'Plan Width': 8, 'Actual Startup Time': 8857.634, 'Actual Total Time': 8857.637, 'Actual Rows': 1, 'Actual Loops': 7, 'Shared Hit Blocks': 4704, 'Shared Read Blocks': 389179, 'Shared Dirtied Blocks': 0, 'Shared Written Blocks': 0, 'Local Hit Blocks': 0, 'Local Read Blocks': 0, 'Local Dirtied Blocks': 0, 'Local Written Blocks': 0, 'Temp Read Blocks': 0, 'Temp Written Blocks': 0, 'Workers': [], 'Plans': [{'Node Type': 'Seq Scan', 'Parent Relationship': 'Outer', 'Parallel Aware': True, 'Async Capable': False, 'Relation Name': 'timeseries', 'Alias': 'timeseries', 'Startup Cost': 0.0, 'Total Cost': 527803.22, 'Plan Rows': 1881446, 'Plan Width': 0, 'Actual Startup Time': 1122.361, 'Actual Total Time': 7933.858, 'Actual Rows': 1572576, 'Actual Loops': 7, 'Filter': ""(status AND (datetime >= '2020-02-01 00:00:00'::timestamp without time zone) AND (datetime <= '2020-02-13 23:59:59'::timestamp without time zone))"", 'Rows Removed by Filter': 6079996, 'Shared Hit Blocks': 4704, 'Shared Read Blocks': 389179, 'Shared Dirtied Blocks': 0, 'Shared Written Blocks': 0, 'Local Hit Blocks': 0, 'Local Read Blocks': 0, 'Local Dirtied Blocks': 0, 'Local Written Blocks': 0, 'Temp Read Blocks': 0, 'Temp Written Blocks': 0, 'Workers': []}]}]}]}","{'Shared Hit Blocks': 71, 'Shared Read Blocks': 0, 'Shared Dirtied Blocks': 0, 'Shared Written Blocks': 0, 'Local Hit Blocks': 0, 'Local Read Blocks': 0, 'Local Dirtied Blocks': 0, 'Local Written Blocks': 0, 'Temp Read Blocks': 0, 'Temp Written Blocks': 0}",4.078,[],"{'Functions': 30, 'Options': {'Inlining': True, 'Optimization': True, 'Expressions': True, 'Deforming': True}, 'Timing': {'Generation': 29.141, 'Inlining': 3956.348, 'Optimization': 1926.832, 'Emission': 1138.271, 'Total': 7050.592}}",9418.203,22
"{'Node Type': 'Aggregate', 'Strategy': 'Plain', 'Partial Mode': 'Finalize', 'Parallel Aware': False, 'Async Capable': False, 'Startup Cost': 533507.46, 'Total Cost': 533507.47, 'Plan Rows': 1, 'Plan Width': 8, 'Actual Startup Time': 9056.13, 'Actual Total Time': 9089.573, 'Actual Rows': 1, 'Actual Loops': 1, 'Shared Hit Blocks': 4928, 'Shared Read Blocks': 388955, 'Shared Dirtied Blocks': 0, 'Shared Written Blocks': 0, 'Local Hit Blocks': 0, 'Local Read Blocks': 0, 'Local Dirtied Blocks': 0, 'Local Written Blocks': 0, 'Temp Read Blocks': 0, 'Temp Written Blocks': 0, 'Plans': [{'Node Type': 'Gather', 'Parent Relationship': 'Outer', 'Parallel Aware': False, 'Async Capable': False, 'Startup Cost': 533506.83, 'Total Cost': 533507.44, 'Plan Rows': 6, 'Plan Width': 8, 'Actual Startup Time': 9046.808, 'Actual Total Time': 9089.514, 'Actual Rows': 7, 'Actual Loops': 1, 'Workers Planned': 6, 'Workers Launched': 6, 'Single Copy': False, 'Shared Hit Blocks': 4928, 'Shared Read Blocks': 388955, 'Shared Dirtied Blocks': 0, 'Shared Written Blocks': 0, 'Local Hit Blocks': 0, 'Local Read Blocks': 0, 'Local Dirtied Blocks': 0, 'Local Written Blocks': 0, 'Temp Read Blocks': 0, 'Temp Written Blocks': 0, 'Plans': [{'Node Type': 'Aggregate', 'Strategy': 'Plain', 'Partial Mode': 'Partial', 'Parent Relationship': 'Outer', 'Parallel Aware': False, 'Async Capable': False, 'Startup Cost': 532506.83, 'Total Cost': 532506.84, 'Plan Rows': 1, 'Plan Width': 8, 'Actual Startup Time': 8682.131, 'Actual Total Time': 8682.133, 'Actual Rows': 1, 'Actual Loops': 7, 'Shared Hit Blocks': 4928, 'Shared Read Blocks': 388955, 'Shared Dirtied Blocks': 0, 'Shared Written Blocks': 0, 'Local Hit Blocks': 0, 'Local Read Blocks': 0, 'Local Dirtied Blocks': 0, 'Local Written Blocks': 0, 'Temp Read Blocks': 0, 'Temp Written Blocks': 0, 'Workers': [], 'Plans': [{'Node Type': 'Seq Scan', 'Parent Relationship': 'Outer', 'Parallel Aware': True, 'Async Capable': False, 'Relation Name': 'timeseries', 'Alias': 'timeseries', 'Startup Cost': 0.0, 'Total Cost': 527803.22, 'Plan Rows': 1881446, 'Plan Width': 0, 'Actual Startup Time': 1112.021, 'Actual Total Time': 7747.071, 'Actual Rows': 1572576, 'Actual Loops': 7, 'Filter': ""(status AND (datetime >= '2020-02-01 00:00:00'::timestamp without time zone) AND (datetime <= '2020-02-13 23:59:59'::timestamp without time zone))"", 'Rows Removed by Filter': 6079996, 'Shared Hit Blocks': 4928, 'Shared Read Blocks': 388955, 'Shared Dirtied Blocks': 0, 'Shared Written Blocks': 0, 'Local Hit Blocks': 0, 'Local Read Blocks': 0, 'Local Dirtied Blocks': 0, 'Local Written Blocks': 0, 'Temp Read Blocks': 0, 'Temp Written Blocks': 0, 'Workers': []}]}]}]}","{'Shared Hit Blocks': 71, 'Shared Read Blocks': 0, 'Shared Dirtied Blocks': 0, 'Shared Written Blocks': 0, 'Local Hit Blocks': 0, 'Local Read Blocks': 0, 'Local Dirtied Blocks': 0, 'Local Written Blocks': 0, 'Temp Read Blocks': 0, 'Temp Written Blocks': 0}",0.963,[],"{'Functions': 30, 'Options': {'Inlining': True, 'Optimization': True, 'Expressions': True, 'Deforming': True}, 'Timing': {'Generation': 41.302, 'Inlining': 3947.079, 'Optimization': 1848.939, 'Emission': 1101.767, 'Total': 6939.087}}",9194.47,23
"{'Node Type': 'Aggregate', 'Strategy': 'Plain', 'Partial Mode': 'Finalize', 'Parallel Aware': False, 'Async Capable': False, 'Startup Cost': 533507.46, 'Total Cost': 533507.47, 'Plan Rows': 1, 'Plan Width': 8, 'Actual Startup Time': 9291.212, 'Actual Total Time': 9314.915, 'Actual Rows': 1, 'Actual Loops': 1, 'Shared Hit Blocks': 5152, 'Shared Read Blocks': 388731, 'Shared Dirtied Blocks': 0, 'Shared Written Blocks': 0, 'Local Hit Blocks': 0, 'Local Read Blocks': 0, 'Local Dirtied Blocks': 0, 'Local Written Blocks': 0, 'Temp Read Blocks': 0, 'Temp Written Blocks': 0, 'Plans': [{'Node Type': 'Gather', 'Parent Relationship': 'Outer', 'Parallel Aware': False, 'Async Capable': False, 'Startup Cost': 533506.83, 'Total Cost': 533507.44, 'Plan Rows': 6, 'Plan Width': 8, 'Actual Startup Time': 9282.899, 'Actual Total Time': 9314.866, 'Actual Rows': 7, 'Actual Loops': 1, 'Workers Planned': 6, 'Workers Launched': 6, 'Single Copy': False, 'Shared Hit Blocks': 5152, 'Shared Read Blocks': 388731, 'Shared Dirtied Blocks': 0, 'Shared Written Blocks': 0, 'Local Hit Blocks': 0, 'Local Read Blocks': 0, 'Local Dirtied Blocks': 0, 'Local Written Blocks': 0, 'Temp Read Blocks': 0, 'Temp Written Blocks': 0, 'Plans': [{'Node Type': 'Aggregate', 'Strategy': 'Plain', 'Partial Mode': 'Partial', 'Parent Relationship': 'Outer', 'Parallel Aware': False, 'Async Capable': False, 'Startup Cost': 532506.83, 'Total Cost': 532506.84, 'Plan Rows': 1, 'Plan Width': 8, 'Actual Startup Time': 8912.174, 'Actual Total Time': 8912.176, 'Actual Rows': 1, 'Actual Loops': 7, 'Shared Hit Blocks': 5152, 'Shared Read Blocks': 388731, 'Shared Dirtied Blocks': 0, 'Shared Written Blocks': 0, 'Local Hit Blocks': 0, 'Local Read Blocks': 0, 'Local Dirtied Blocks': 0, 'Local Written Blocks': 0, 'Temp Read Blocks': 0, 'Temp Written Blocks': 0, 'Workers': [], 'Plans': [{'Node Type': 'Seq Scan', 'Parent Relationship': 'Outer', 'Parallel Aware': True, 'Async Capable': False, 'Relation Name': 'timeseries', 'Alias': 'timeseries', 'Startup Cost': 0.0, 'Total Cost': 527803.22, 'Plan Rows': 1881446, 'Plan Width': 0, 'Actual Startup Time': 1143.845, 'Actual Total Time': 7989.89, 'Actual Rows': 1572576, 'Actual Loops': 7, 'Filter': ""(status AND (datetime >= '2020-02-01 00:00:00'::timestamp without time zone) AND (datetime <= '2020-02-13 23:59:59'::timestamp without time zone))"", 'Rows Removed by Filter': 6079996, 'Shared Hit Blocks': 5152, 'Shared Read Blocks': 388731, 'Shared Dirtied Blocks': 0, 'Shared Written Blocks': 0, 'Local Hit Blocks': 0, 'Local Read Blocks': 0, 'Local Dirtied Blocks': 0, 'Local Written Blocks': 0, 'Temp Read Blocks': 0, 'Temp Written Blocks': 0, 'Workers': []}]}]}]}","{'Shared Hit Blocks': 71, 'Shared Read Blocks': 0, 'Shared Dirtied Blocks': 0, 'Shared Written Blocks': 0, 'Local Hit Blocks': 0, 'Local Read Blocks': 0, 'Local Dirtied Blocks': 0, 'Local Written Blocks': 0, 'Temp Read Blocks': 0, 'Temp Written Blocks': 0}",4.064,[],"{'Functions': 30, 'Options': {'Inlining': True, 'Optimization': True, 'Expressions': True, 'Deforming': True}, 'Timing': {'Generation': 37.322, 'Inlining': 3930.832, 'Optimization': 1914.666, 'Emission': 1142.255, 'Total': 7025.075}}",9582.087,24
"{'Node Type': 'Aggregate', 'Strategy': 'Plain', 'Partial Mode': 'Finalize', 'Parallel Aware': False, 'Async Capable': False, 'Startup Cost': 533507.46, 'Total Cost': 533507.47, 'Plan Rows': 1, 'Plan Width': 8, 'Actual Startup Time': 9273.241, 'Actual Total Time': 9306.226, 'Actual Rows': 1, 'Actual Loops': 1, 'Shared Hit Blocks': 5376, 'Shared Read Blocks': 388507, 'Shared Dirtied Blocks': 0, 'Shared Written Blocks': 0, 'Local Hit Blocks': 0, 'Local Read Blocks': 0, 'Local Dirtied Blocks': 0, 'Local Written Blocks': 0, 'Temp Read Blocks': 0, 'Temp Written Blocks': 0, 'Plans': [{'Node Type': 'Gather', 'Parent Relationship': 'Outer', 'Parallel Aware': False, 'Async Capable': False, 'Startup Cost': 533506.83, 'Total Cost': 533507.44, 'Plan Rows': 6, 'Plan Width': 8, 'Actual Startup Time': 9273.211, 'Actual Total Time': 9306.204, 'Actual Rows': 7, 'Actual Loops': 1, 'Workers Planned': 6, 'Workers Launched': 6, 'Single Copy': False, 'Shared Hit Blocks': 5376, 'Shared Read Blocks': 388507, 'Shared Dirtied Blocks': 0, 'Shared Written Blocks': 0, 'Local Hit Blocks': 0, 'Local Read Blocks': 0, 'Local Dirtied Blocks': 0, 'Local Written Blocks': 0, 'Temp Read Blocks': 0, 'Temp Written Blocks': 0, 'Plans': [{'Node Type': 'Aggregate', 'Strategy': 'Plain', 'Partial Mode': 'Partial', 'Parent Relationship': 'Outer', 'Parallel Aware': False, 'Async Capable': False, 'Startup Cost': 532506.83, 'Total Cost': 532506.84, 'Plan Rows': 1, 'Plan Width': 8, 'Actual Startup Time': 8903.979, 'Actual Total Time': 8903.981, 'Actual Rows': 1, 'Actual Loops': 7, 'Shared Hit Blocks': 5376, 'Shared Read Blocks': 388507, 'Shared Dirtied Blocks': 0, 'Shared Written Blocks': 0, 'Local Hit Blocks': 0, 'Local Read Blocks': 0, 'Local Dirtied Blocks': 0, 'Local Written Blocks': 0, 'Temp Read Blocks': 0, 'Temp Written Blocks': 0, 'Workers': [], 'Plans': [{'Node Type': 'Seq Scan', 'Parent Relationship': 'Outer', 'Parallel Aware': True, 'Async Capable': False, 'Relation Name': 'timeseries', 'Alias': 'timeseries', 'Startup Cost': 0.0, 'Total Cost': 527803.22, 'Plan Rows': 1881446, 'Plan Width': 0, 'Actual Startup Time': 1103.678, 'Actual Total Time': 7938.133, 'Actual Rows': 1572576, 'Actual Loops': 7, 'Filter': ""(status AND (datetime >= '2020-02-01 00:00:00'::timestamp without time zone) AND (datetime <= '2020-02-13 23:59:59'::timestamp without time zone))"", 'Rows Removed by Filter': 6079996, 'Shared Hit Blocks': 5376, 'Shared Read Blocks': 388507, 'Shared Dirtied Blocks': 0, 'Shared Written Blocks': 0, 'Local Hit Blocks': 0, 'Local Read Blocks': 0, 'Local Dirtied Blocks': 0, 'Local Written Blocks': 0, 'Temp Read Blocks': 0, 'Temp Written Blocks': 0, 'Workers': []}]}]}]}","{'Shared Hit Blocks': 71, 'Shared Read Blocks': 0, 'Shared Dirtied Blocks': 0, 'Shared Written Blocks': 0, 'Local Hit Blocks': 0, 'Local Read Blocks': 0, 'Local Dirtied Blocks': 0, 'Local Written Blocks': 0, 'Temp Read Blocks': 0, 'Temp Written Blocks': 0}",4.037,[],"{'Functions': 30, 'Options': {'Inlining': True, 'Optimization': True, 'Expressions': True, 'Deforming': True}, 'Timing': {'Generation': 25.071, 'Inlining': 3995.866, 'Optimization': 1851.073, 'Emission': 1147.242, 'Total': 7019.25}}",9470.016,25
"{'Node Type': 'Aggregate', 'Strategy': 'Plain', 'Partial Mode': 'Finalize', 'Parallel Aware': False, 'Async Capable': False, 'Startup Cost': 533507.46, 'Total Cost': 533507.47, 'Plan Rows': 1, 'Plan Width': 8, 'Actual Startup Time': 9227.674, 'Actual Total Time': 9258.108, 'Actual Rows': 1, 'Actual Loops': 1, 'Shared Hit Blocks': 5600, 'Shared Read Blocks': 388283, 'Shared Dirtied Blocks': 0, 'Shared Written Blocks': 0, 'Local Hit Blocks': 0, 'Local Read Blocks': 0, 'Local Dirtied Blocks': 0, 'Local Written Blocks': 0, 'Temp Read Blocks': 0, 'Temp Written Blocks': 0, 'Plans': [{'Node Type': 'Gather', 'Parent Relationship': 'Outer', 'Parallel Aware': False, 'Async Capable': False, 'Startup Cost': 533506.83, 'Total Cost': 533507.44, 'Plan Rows': 6, 'Plan Width': 8, 'Actual Startup Time': 9217.503, 'Actual Total Time': 9258.056, 'Actual Rows': 7, 'Actual Loops': 1, 'Workers Planned': 6, 'Workers Launched': 6, 'Single Copy': False, 'Shared Hit Blocks': 5600, 'Shared Read Blocks': 388283, 'Shared Dirtied Blocks': 0, 'Shared Written Blocks': 0, 'Local Hit Blocks': 0, 'Local Read Blocks': 0, 'Local Dirtied Blocks': 0, 'Local Written Blocks': 0, 'Temp Read Blocks': 0, 'Temp Written Blocks': 0, 'Plans': [{'Node Type': 'Aggregate', 'Strategy': 'Plain', 'Partial Mode': 'Partial', 'Parent Relationship': 'Outer', 'Parallel Aware': False, 'Async Capable': False, 'Startup Cost': 532506.83, 'Total Cost': 532506.84, 'Plan Rows': 1, 'Plan Width': 8, 'Actual Startup Time': 8857.035, 'Actual Total Time': 8857.037, 'Actual Rows': 1, 'Actual Loops': 7, 'Shared Hit Blocks': 5600, 'Shared Read Blocks': 388283, 'Shared Dirtied Blocks': 0, 'Shared Written Blocks': 0, 'Local Hit Blocks': 0, 'Local Read Blocks': 0, 'Local Dirtied Blocks': 0, 'Local Written Blocks': 0, 'Temp Read Blocks': 0, 'Temp Written Blocks': 0, 'Workers': [], 'Plans': [{'Node Type': 'Seq Scan', 'Parent Relationship': 'Outer', 'Parallel Aware': True, 'Async Capable': False, 'Relation Name': 'timeseries', 'Alias': 'timeseries', 'Startup Cost': 0.0, 'Total Cost': 527803.22, 'Plan Rows': 1881446, 'Plan Width': 0, 'Actual Startup Time': 1093.187, 'Actual Total Time': 7858.85, 'Actual Rows': 1572576, 'Actual Loops': 7, 'Filter': ""(status AND (datetime >= '2020-02-01 00:00:00'::timestamp without time zone) AND (datetime <= '2020-02-13 23:59:59'::timestamp without time zone))"", 'Rows Removed by Filter': 6079996, 'Shared Hit Blocks': 5600, 'Shared Read Blocks': 388283, 'Shared Dirtied Blocks': 0, 'Shared Written Blocks': 0, 'Local Hit Blocks': 0, 'Local Read Blocks': 0, 'Local Dirtied Blocks': 0, 'Local Written Blocks': 0, 'Temp Read Blocks': 0, 'Temp Written Blocks': 0, 'Workers': []}]}]}]}","{'Shared Hit Blocks': 71, 'Shared Read Blocks': 0, 'Shared Dirtied Blocks': 0, 'Shared Written Blocks': 0, 'Local Hit Blocks': 0, 'Local Read Blocks': 0, 'Local Dirtied Blocks': 0, 'Local Written Blocks': 0, 'Temp Read Blocks': 0, 'Temp Written Blocks': 0}",0.959,[],"{'Functions': 30, 'Options': {'Inlining': True, 'Optimization': True, 'Expressions': True, 'Deforming': True}, 'Timing': {'Generation': 65.415, 'Inlining': 3906.837, 'Optimization': 1891.178, 'Emission': 1165.485, 'Total': 7028.915}}",9362.975,26
"{'Node Type': 'Aggregate', 'Strategy': 'Plain', 'Partial Mode': 'Finalize', 'Parallel Aware': False, 'Async Capable': False, 'Startup Cost': 533507.46, 'Total Cost': 533507.47, 'Plan Rows': 1, 'Plan Width': 8, 'Actual Startup Time': 9125.638, 'Actual Total Time': 9152.454, 'Actual Rows': 1, 'Actual Loops': 1, 'Shared Hit Blocks': 5824, 'Shared Read Blocks': 388059, 'Shared Dirtied Blocks': 0, 'Shared Written Blocks': 0, 'Local Hit Blocks': 0, 'Local Read Blocks': 0, 'Local Dirtied Blocks': 0, 'Local Written Blocks': 0, 'Temp Read Blocks': 0, 'Temp Written Blocks': 0, 'Plans': [{'Node Type': 'Gather', 'Parent Relationship': 'Outer', 'Parallel Aware': False, 'Async Capable': False, 'Startup Cost': 533506.83, 'Total Cost': 533507.44, 'Plan Rows': 6, 'Plan Width': 8, 'Actual Startup Time': 9108.287, 'Actual Total Time': 9152.403, 'Actual Rows': 7, 'Actual Loops': 1, 'Workers Planned': 6, 'Workers Launched': 6, 'Single Copy': False, 'Shared Hit Blocks': 5824, 'Shared Read Blocks': 388059, 'Shared Dirtied Blocks': 0, 'Shared Written Blocks': 0, 'Local Hit Blocks': 0, 'Local Read Blocks': 0, 'Local Dirtied Blocks': 0, 'Local Written Blocks': 0, 'Temp Read Blocks': 0, 'Temp Written Blocks': 0, 'Plans': [{'Node Type': 'Aggregate', 'Strategy': 'Plain', 'Partial Mode': 'Partial', 'Parent Relationship': 'Outer', 'Parallel Aware': False, 'Async Capable': False, 'Startup Cost': 532506.83, 'Total Cost': 532506.84, 'Plan Rows': 1, 'Plan Width': 8, 'Actual Startup Time': 8744.935, 'Actual Total Time': 8744.938, 'Actual Rows': 1, 'Actual Loops': 7, 'Shared Hit Blocks': 5824, 'Shared Read Blocks': 388059, 'Shared Dirtied Blocks': 0, 'Shared Written Blocks': 0, 'Local Hit Blocks': 0, 'Local Read Blocks': 0, 'Local Dirtied Blocks': 0, 'Local Written Blocks': 0, 'Temp Read Blocks': 0, 'Temp Written Blocks': 0, 'Workers': [], 'Plans': [{'Node Type': 'Seq Scan', 'Parent Relationship': 'Outer', 'Parallel Aware': True, 'Async Capable': False, 'Relation Name': 'timeseries', 'Alias': 'timeseries', 'Startup Cost': 0.0, 'Total Cost': 527803.22, 'Plan Rows': 1881446, 'Plan Width': 0, 'Actual Startup Time': 1104.281, 'Actual Total Time': 7833.297, 'Actual Rows': 1572576, 'Actual Loops': 7, 'Filter': ""(status AND (datetime >= '2020-02-01 00:00:00'::timestamp without time zone) AND (datetime <= '2020-02-13 23:59:59'::timestamp without time zone))"", 'Rows Removed by Filter': 6079996, 'Shared Hit Blocks': 5824, 'Shared Read Blocks': 388059, 'Shared Dirtied Blocks': 0, 'Shared Written Blocks': 0, 'Local Hit Blocks': 0, 'Local Read Blocks': 0, 'Local Dirtied Blocks': 0, 'Local Written Blocks': 0, 'Temp Read Blocks': 0, 'Temp Written Blocks': 0, 'Workers': []}]}]}]}","{'Shared Hit Blocks': 71, 'Shared Read Blocks': 0, 'Shared Dirtied Blocks': 0, 'Shared Written Blocks': 0, 'Local Hit Blocks': 0, 'Local Read Blocks': 0, 'Local Dirtied Blocks': 0, 'Local Written Blocks': 0, 'Temp Read Blocks': 0, 'Temp Written Blocks': 0}",0.963,[],"{'Functions': 30, 'Options': {'Inlining': True, 'Optimization': True, 'Expressions': True, 'Deforming': True}, 'Timing': {'Generation': 25.181, 'Inlining': 3929.247, 'Optimization': 1887.213, 'Emission': 1151.044, 'Total': 6992.685}}",9257.303,27
"{'Node Type': 'Aggregate', 'Strategy': 'Plain', 'Partial Mode': 'Finalize', 'Parallel Aware': False, 'Async Capable': False, 'Startup Cost': 533507.46, 'Total Cost': 533507.47, 'Plan Rows': 1, 'Plan Width': 8, 'Actual Startup Time': 9180.314, 'Actual Total Time': 9202.614, 'Actual Rows': 1, 'Actual Loops': 1, 'Shared Hit Blocks': 6048, 'Shared Read Blocks': 387835, 'Shared Dirtied Blocks': 0, 'Shared Written Blocks': 0, 'Local Hit Blocks': 0, 'Local Read Blocks': 0, 'Local Dirtied Blocks': 0, 'Local Written Blocks': 0, 'Temp Read Blocks': 0, 'Temp Written Blocks': 0, 'Plans': [{'Node Type': 'Gather', 'Parent Relationship': 'Outer', 'Parallel Aware': False, 'Async Capable': False, 'Startup Cost': 533506.83, 'Total Cost': 533507.44, 'Plan Rows': 6, 'Plan Width': 8, 'Actual Startup Time': 9160.495, 'Actual Total Time': 9202.568, 'Actual Rows': 7, 'Actual Loops': 1, 'Workers Planned': 6, 'Workers Launched': 6, 'Single Copy': False, 'Shared Hit Blocks': 6048, 'Shared Read Blocks': 387835, 'Shared Dirtied Blocks': 0, 'Shared Written Blocks': 0, 'Local Hit Blocks': 0, 'Local Read Blocks': 0, 'Local Dirtied Blocks': 0, 'Local Written Blocks': 0, 'Temp Read Blocks': 0, 'Temp Written Blocks': 0, 'Plans': [{'Node Type': 'Aggregate', 'Strategy': 'Plain', 'Partial Mode': 'Partial', 'Parent Relationship': 'Outer', 'Parallel Aware': False, 'Async Capable': False, 'Startup Cost': 532506.83, 'Total Cost': 532506.84, 'Plan Rows': 1, 'Plan Width': 8, 'Actual Startup Time': 8799.722, 'Actual Total Time': 8799.725, 'Actual Rows': 1, 'Actual Loops': 7, 'Shared Hit Blocks': 6048, 'Shared Read Blocks': 387835, 'Shared Dirtied Blocks': 0, 'Shared Written Blocks': 0, 'Local Hit Blocks': 0, 'Local Read Blocks': 0, 'Local Dirtied Blocks': 0, 'Local Written Blocks': 0, 'Temp Read Blocks': 0, 'Temp Written Blocks': 0, 'Workers': [], 'Plans': [{'Node Type': 'Seq Scan', 'Parent Relationship': 'Outer', 'Parallel Aware': True, 'Async Capable': False, 'Relation Name': 'timeseries', 'Alias': 'timeseries', 'Startup Cost': 0.0, 'Total Cost': 527803.22, 'Plan Rows': 1881446, 'Plan Width': 0, 'Actual Startup Time': 1182.845, 'Actual Total Time': 7834.182, 'Actual Rows': 1572576, 'Actual Loops': 7, 'Filter': ""(status AND (datetime >= '2020-02-01 00:00:00'::timestamp without time zone) AND (datetime <= '2020-02-13 23:59:59'::timestamp without time zone))"", 'Rows Removed by Filter': 6079996, 'Shared Hit Blocks': 6048, 'Shared Read Blocks': 387835, 'Shared Dirtied Blocks': 0, 'Shared Written Blocks': 0, 'Local Hit Blocks': 0, 'Local Read Blocks': 0, 'Local Dirtied Blocks': 0, 'Local Written Blocks': 0, 'Temp Read Blocks': 0, 'Temp Written Blocks': 0, 'Workers': []}]}]}]}","{'Shared Hit Blocks': 71, 'Shared Read Blocks': 0, 'Shared Dirtied Blocks': 0, 'Shared Written Blocks': 0, 'Local Hit Blocks': 0, 'Local Read Blocks': 0, 'Local Dirtied Blocks': 0, 'Local Written Blocks': 0, 'Temp Read Blocks': 0, 'Temp Written Blocks': 0}",0.96,[],"{'Functions': 30, 'Options': {'Inlining': True, 'Optimization': True, 'Expressions': True, 'Deforming': True}, 'Timing': {'Generation': 53.43, 'Inlining': 4021.864, 'Optimization': 1908.53, 'Emission': 1121.328, 'Total': 7105.151}}",9311.829,28
"{'Node Type': 'Aggregate', 'Strategy': 'Plain', 'Partial Mode': 'Finalize', 'Parallel Aware': False, 'Async Capable': False, 'Startup Cost': 533507.46, 'Total Cost': 533507.47, 'Plan Rows': 1, 'Plan Width': 8, 'Actual Startup Time': 9059.919, 'Actual Total Time': 9091.356, 'Actual Rows': 1, 'Actual Loops': 1, 'Shared Hit Blocks': 6272, 'Shared Read Blocks': 387611, 'Shared Dirtied Blocks': 0, 'Shared Written Blocks': 0, 'Local Hit Blocks': 0, 'Local Read Blocks': 0, 'Local Dirtied Blocks': 0, 'Local Written Blocks': 0, 'Temp Read Blocks': 0, 'Temp Written Blocks': 0, 'Plans': [{'Node Type': 'Gather', 'Parent Relationship': 'Outer', 'Parallel Aware': False, 'Async Capable': False, 'Startup Cost': 533506.83, 'Total Cost': 533507.44, 'Plan Rows': 6, 'Plan Width': 8, 'Actual Startup Time': 9051.689, 'Actual Total Time': 9091.3, 'Actual Rows': 7, 'Actual Loops': 1, 'Workers Planned': 6, 'Workers Launched': 6, 'Single Copy': False, 'Shared Hit Blocks': 6272, 'Shared Read Blocks': 387611, 'Shared Dirtied Blocks': 0, 'Shared Written Blocks': 0, 'Local Hit Blocks': 0, 'Local Read Blocks': 0, 'Local Dirtied Blocks': 0, 'Local Written Blocks': 0, 'Temp Read Blocks': 0, 'Temp Written Blocks': 0, 'Plans': [{'Node Type': 'Aggregate', 'Strategy': 'Plain', 'Partial Mode': 'Partial', 'Parent Relationship': 'Outer', 'Parallel Aware': False, 'Async Capable': False, 'Startup Cost': 532506.83, 'Total Cost': 532506.84, 'Plan Rows': 1, 'Plan Width': 8, 'Actual Startup Time': 8681.926, 'Actual Total Time': 8681.928, 'Actual Rows': 1, 'Actual Loops': 7, 'Shared Hit Blocks': 6272, 'Shared Read Blocks': 387611, 'Shared Dirtied Blocks': 0, 'Shared Written Blocks': 0, 'Local Hit Blocks': 0, 'Local Read Blocks': 0, 'Local Dirtied Blocks': 0, 'Local Written Blocks': 0, 'Temp Read Blocks': 0, 'Temp Written Blocks': 0, 'Workers': [], 'Plans': [{'Node Type': 'Seq Scan', 'Parent Relationship': 'Outer', 'Parallel Aware': True, 'Async Capable': False, 'Relation Name': 'timeseries', 'Alias': 'timeseries', 'Startup Cost': 0.0, 'Total Cost': 527803.22, 'Plan Rows': 1881446, 'Plan Width': 0, 'Actual Startup Time': 1164.302, 'Actual Total Time': 7675.627, 'Actual Rows': 1572576, 'Actual Loops': 7, 'Filter': ""(status AND (datetime >= '2020-02-01 00:00:00'::timestamp without time zone) AND (datetime <= '2020-02-13 23:59:59'::timestamp without time zone))"", 'Rows Removed by Filter': 6079996, 'Shared Hit Blocks': 6272, 'Shared Read Blocks': 387611, 'Shared Dirtied Blocks': 0, 'Shared Written Blocks': 0, 'Local Hit Blocks': 0, 'Local Read Blocks': 0, 'Local Dirtied Blocks': 0, 'Local Written Blocks': 0, 'Temp Read Blocks': 0, 'Temp Written Blocks': 0, 'Workers': []}]}]}]}","{'Shared Hit Blocks': 71, 'Shared Read Blocks': 0, 'Shared Dirtied Blocks': 0, 'Shared Written Blocks': 0, 'Local Hit Blocks': 0, 'Local Read Blocks': 0, 'Local Dirtied Blocks': 0, 'Local Written Blocks': 0, 'Temp Read Blocks': 0, 'Temp Written Blocks': 0}",1.005,[],"{'Functions': 30, 'Options': {'Inlining': True, 'Optimization': True, 'Expressions': True, 'Deforming': True}, 'Timing': {'Generation': 81.694, 'Inlining': 3914.778, 'Optimization': 1871.044, 'Emission': 1123.481, 'Total': 6990.996}}",9199.495,29
"{'Node Type': 'Aggregate', 'Strategy': 'Plain', 'Partial Mode': 'Finalize', 'Parallel Aware': False, 'Async Capable': False, 'Startup Cost': 533507.46, 'Total Cost': 533507.47, 'Plan Rows': 1, 'Plan Width': 8, 'Actual Startup Time': 9170.547, 'Actual Total Time': 9197.41, 'Actual Rows': 1, 'Actual Loops': 1, 'Shared Hit Blocks': 6496, 'Shared Read Blocks': 387387, 'Shared Dirtied Blocks': 0, 'Shared Written Blocks': 0, 'Local Hit Blocks': 0, 'Local Read Blocks': 0, 'Local Dirtied Blocks': 0, 'Local Written Blocks': 0, 'Temp Read Blocks': 0, 'Temp Written Blocks': 0, 'Plans': [{'Node Type': 'Gather', 'Parent Relationship': 'Outer', 'Parallel Aware': False, 'Async Capable': False, 'Startup Cost': 533506.83, 'Total Cost': 533507.44, 'Plan Rows': 6, 'Plan Width': 8, 'Actual Startup Time': 9164.762, 'Actual Total Time': 9197.364, 'Actual Rows': 7, 'Actual Loops': 1, 'Workers Planned': 6, 'Workers Launched': 6, 'Single Copy': False, 'Shared Hit Blocks': 6496, 'Shared Read Blocks': 387387, 'Shared Dirtied Blocks': 0, 'Shared Written Blocks': 0, 'Local Hit Blocks': 0, 'Local Read Blocks': 0, 'Local Dirtied Blocks': 0, 'Local Written Blocks': 0, 'Temp Read Blocks': 0, 'Temp Written Blocks': 0, 'Plans': [{'Node Type': 'Aggregate', 'Strategy': 'Plain', 'Partial Mode': 'Partial', 'Parent Relationship': 'Outer', 'Parallel Aware': False, 'Async Capable': False, 'Startup Cost': 532506.83, 'Total Cost': 532506.84, 'Plan Rows': 1, 'Plan Width': 8, 'Actual Startup Time': 8797.825, 'Actual Total Time': 8797.827, 'Actual Rows': 1, 'Actual Loops': 7, 'Shared Hit Blocks': 6496, 'Shared Read Blocks': 387387, 'Shared Dirtied Blocks': 0, 'Shared Written Blocks': 0, 'Local Hit Blocks': 0, 'Local Read Blocks': 0, 'Local Dirtied Blocks': 0, 'Local Written Blocks': 0, 'Temp Read Blocks': 0, 'Temp Written Blocks': 0, 'Workers': [], 'Plans': [{'Node Type': 'Seq Scan', 'Parent Relationship': 'Outer', 'Parallel Aware': True, 'Async Capable': False, 'Relation Name': 'timeseries', 'Alias': 'timeseries', 'Startup Cost': 0.0, 'Total Cost': 527803.22, 'Plan Rows': 1881446, 'Plan Width': 0, 'Actual Startup Time': 1069.988, 'Actual Total Time': 7817.196, 'Actual Rows': 1572576, 'Actual Loops': 7, 'Filter': ""(status AND (datetime >= '2020-02-01 00:00:00'::timestamp without time zone) AND (datetime <= '2020-02-13 23:59:59'::timestamp without time zone))"", 'Rows Removed by Filter': 6079996, 'Shared Hit Blocks': 6496, 'Shared Read Blocks': 387387, 'Shared Dirtied Blocks': 0, 'Shared Written Blocks': 0, 'Local Hit Blocks': 0, 'Local Read Blocks': 0, 'Local Dirtied Blocks': 0, 'Local Written Blocks': 0, 'Temp Read Blocks': 0, 'Temp Written Blocks': 0, 'Workers': []}]}]}]}","{'Shared Hit Blocks': 71, 'Shared Read Blocks': 0, 'Shared Dirtied Blocks': 0, 'Shared Written Blocks': 0, 'Local Hit Blocks': 0, 'Local Read Blocks': 0, 'Local Dirtied Blocks': 0, 'Local Written Blocks': 0, 'Temp Read Blocks': 0, 'Temp Written Blocks': 0}",4.104,[],"{'Functions': 30, 'Options': {'Inlining': True, 'Optimization': True, 'Expressions': True, 'Deforming': True}, 'Timing': {'Generation': 53.108, 'Inlining': 3943.814, 'Optimization': 1915.052, 'Emission': 1134.44, 'Total': 7046.414}}",9360.722,30
